S3_LOG_BUCKET_OWNER,S3_LOG_BUCKET,S3_LOG_DATETIME,S3_LOG_IP,S3_LOG_REQUESTOR_ID,S3_LOG_REQUEST_ID,S3_LOG_OPERATION,S3_LOG_KEY,S3_LOG_HTTP_METHOD_URI_PROTO,S3_LOG_HTTP_STATUS,S3_LOG_S3_ERROR,S3_LOG_BYTES_SENT,S3_LOG_OBJECT_SIZE,S3_LOG_TOTAL_TIME,S3_LOG_TURN_AROUND_TIME,S3_LOG_REFERER,S3_LOG_USER_AGENT
82172df641c1b7c5a72bed79ee595d6ed5881337ab996b58fcf04f4e87e720f0,hyperslab-test,14/Sep/2022:18:27:53 +0000,164.107.119.245,arn:aws:iam::286405721330:user/jiang.2091,98BGKJ4SFSPX0BBF,REST.GET.OBJECT,chunk_size_16777216.h5/test/202,GET /chunk_size_16777216.h5/test/202 HTTP/1.1,200,-,16777216,16777216,8514,162,-,aws-sdk-cpp/1.9.269 Linux/4.15.0-191-generic x86_64 GCC/6.5.0
82172df641c1b7c5a72bed79ee595d6ed5881337ab996b58fcf04f4e87e720f0,hyperslab-test,14/Sep/2022:18:27:53 +0000,164.107.119.245,arn:aws:iam::286405721330:user/jiang.2091,98BH905MWQZDK3BY,REST.GET.OBJECT,chunk_size_16777216.h5/test/109,GET /chunk_size_16777216.h5/test/109 HTTP/1.1,200,-,16777216,16777216,10610,133,-,aws-sdk-cpp/1.9.269 Linux/4.15.0-191-generic x86_64 GCC/6.5.0
82172df641c1b7c5a72bed79ee595d6ed5881337ab996b58fcf04f4e87e720f0,hyperslab-test,14/Sep/2022:18:27:53 +0000,164.107.119.245,arn:aws:iam::286405721330:user/jiang.2091,98BQT7SV04JYX1QG,REST.GET.OBJECT,chunk_size_16777216.h5/test/66,GET /chunk_size_16777216.h5/test/66 HTTP/1.1,200,-,16777216,16777216,11096,143,-,aws-sdk-cpp/1.9.269 Linux/4.15.0-191-generic x86_64 GCC/6.5.0
82172df641c1b7c5a72bed79ee595d6ed5881337ab996b58fcf04f4e87e720f0,hyperslab-test,14/Sep/2022:18:27:53 +0000,164.107.119.245,arn:aws:iam::286405721330:user/jiang.2091,98BYHNQ5DX194QRY,REST.GET.OBJECT,chunk_size_16777216.h5/test/335,GET /chunk_size_16777216.h5/test/335 HTTP/1.1,200,-,16777216,16777216,9809,100,-,aws-sdk-cpp/1.9.269 Linux/4.15.0-191-generic x86_64 GCC/6.5.0
82172df641c1b7c5a72bed79ee595d6ed5881337ab996b58fcf04f4e87e720f0,hyperslab-test,14/Sep/2022:18:27:53 +0000,164.107.119.245,arn:aws:iam::286405721330:user/jiang.2091,98BYRCPCNH1DY5A5,REST.GET.OBJECT,chunk_size_16777216.h5/test/495,GET /chunk_size_16777216.h5/test/495 HTTP/1.1,200,-,16777216,16777216,13178,212,-,aws-sdk-cpp/1.9.269 Linux/4.15.0-191-generic x86_64 GCC/6.5.0
82172df641c1b7c5a72bed79ee595d6ed5881337ab996b58fcf04f4e87e720f0,hyperslab-test,14/Sep/2022:18:27:53 +0000,164.107.119.245,arn:aws:iam::286405721330:user/jiang.2091,98BG5RWMVA90TTG4,REST.GET.OBJECT,chunk_size_16777216.h5/test/454,GET /chunk_size_16777216.h5/test/454 HTTP/1.1,200,-,16777216,16777216,7702,89,-,aws-sdk-cpp/1.9.269 Linux/4.15.0-191-generic x86_64 GCC/6.5.0
82172df641c1b7c5a72bed79ee595d6ed5881337ab996b58fcf04f4e87e720f0,hyperslab-test,14/Sep/2022:18:27:53 +0000,164.107.119.245,arn:aws:iam::286405721330:user/jiang.2091,98BJ3ZZ84A6RHMGR,REST.GET.OBJECT,chunk_size_16777216.h5/test/463,GET /chunk_size_16777216.h5/test/463 HTTP/1.1,200,-,16777216,16777216,9795,117,-,aws-sdk-cpp/1.9.269 Linux/4.15.0-191-generic x86_64 GCC/6.5.0
82172df641c1b7c5a72bed79ee595d6ed5881337ab996b58fcf04f4e87e720f0,hyperslab-test,14/Sep/2022:18:27:53 +0000,164.107.119.245,arn:aws:iam::286405721330:user/jiang.2091,98BN3YFW00DR7SPM,REST.GET.OBJECT,chunk_size_16777216.h5/test/165,GET /chunk_size_16777216.h5/test/165 HTTP/1.1,200,-,16777216,16777216,12704,155,-,aws-sdk-cpp/1.9.269 Linux/4.15.0-191-generic x86_64 GCC/6.5.0
82172df641c1b7c5a72bed79ee595d6ed5881337ab996b58fcf04f4e87e720f0,hyperslab-test,14/Sep/2022:18:27:53 +0000,164.107.119.245,arn:aws:iam::286405721330:user/jiang.2091,98BNY9E9069QXZXF,REST.GET.OBJECT,chunk_size_16777216.h5/test/361,GET /chunk_size_16777216.h5/test/361 HTTP/1.1,200,-,16777216,16777216,6331,98,-,aws-sdk-cpp/1.9.269 Linux/4.15.0-191-generic x86_64 GCC/6.5.0
82172df641c1b7c5a72bed79ee595d6ed5881337ab996b58fcf04f4e87e720f0,hyperslab-test,14/Sep/2022:18:27:53 +0000,164.107.119.245,arn:aws:iam::286405721330:user/jiang.2091,98BQNY5BJW0RT8QM,REST.GET.OBJECT,chunk_size_16777216.h5/test/160,GET /chunk_size_16777216.h5/test/160 HTTP/1.1,200,-,16777216,16777216,4083,145,-,aws-sdk-cpp/1.9.269 Linux/4.15.0-191-generic x86_64 GCC/6.5.0
82172df641c1b7c5a72bed79ee595d6ed5881337ab996b58fcf04f4e87e720f0,hyperslab-test,14/Sep/2022:18:27:53 +0000,164.107.119.245,arn:aws:iam::286405721330:user/jiang.2091,98BZ6F8C88YD5Y0M,REST.GET.OBJECT,chunk_size_16777216.h5/test/289,GET /chunk_size_16777216.h5/test/289 HTTP/1.1,200,-,16777216,16777216,5897,152,-,aws-sdk-cpp/1.9.269 Linux/4.15.0-191-generic x86_64 GCC/6.5.0
82172df641c1b7c5a72bed79ee595d6ed5881337ab996b58fcf04f4e87e720f0,hyperslab-test,14/Sep/2022:18:27:54 +0000,164.107.119.245,arn:aws:iam::286405721330:user/jiang.2091,4T20WGAXAC7Z8NN5,REST.GET.OBJECT,chunk_size_16777216.h5/test/356,GET /chunk_size_16777216.h5/test/356 HTTP/1.1,200,-,16777216,16777216,6804,118,-,aws-sdk-cpp/1.9.269 Linux/4.15.0-191-generic x86_64 GCC/6.5.0
82172df641c1b7c5a72bed79ee595d6ed5881337ab996b58fcf04f4e87e720f0,hyperslab-test,14/Sep/2022:18:27:53 +0000,164.107.119.245,arn:aws:iam::286405721330:user/jiang.2091,98BH59CM1TC58J3K,REST.GET.OBJECT,chunk_size_16777216.h5/test/364,GET /chunk_size_16777216.h5/test/364 HTTP/1.1,200,-,16777216,16777216,9748,96,-,aws-sdk-cpp/1.9.269 Linux/4.15.0-191-generic x86_64 GCC/6.5.0
82172df641c1b7c5a72bed79ee595d6ed5881337ab996b58fcf04f4e87e720f0,hyperslab-test,14/Sep/2022:18:27:53 +0000,164.107.119.245,arn:aws:iam::286405721330:user/jiang.2091,98BNH1AGEY3C2SQ2,REST.GET.OBJECT,chunk_size_16777216.h5/test/36,GET /chunk_size_16777216.h5/test/36 HTTP/1.1,200,-,16777216,16777216,15478,106,-,aws-sdk-cpp/1.9.269 Linux/4.15.0-191-generic x86_64 GCC/6.5.0
82172df641c1b7c5a72bed79ee595d6ed5881337ab996b58fcf04f4e87e720f0,hyperslab-test,14/Sep/2022:18:27:53 +0000,164.107.119.245,arn:aws:iam::286405721330:user/jiang.2091,98BPWRGNXBWD072M,REST.GET.OBJECT,chunk_size_16777216.h5/test/488,GET /chunk_size_16777216.h5/test/488 HTTP/1.1,200,-,16777216,16777216,11205,144,-,aws-sdk-cpp/1.9.269 Linux/4.15.0-191-generic x86_64 GCC/6.5.0
82172df641c1b7c5a72bed79ee595d6ed5881337ab996b58fcf04f4e87e720f0,hyperslab-test,14/Sep/2022:18:27:53 +0000,164.107.119.245,arn:aws:iam::286405721330:user/jiang.2091,98BQ7XZBFF13QSQP,REST.GET.OBJECT,chunk_size_16777216.h5/test/262,GET /chunk_size_16777216.h5/test/262 HTTP/1.1,200,-,16777216,16777216,5340,159,-,aws-sdk-cpp/1.9.269 Linux/4.15.0-191-generic x86_64 GCC/6.5.0
82172df641c1b7c5a72bed79ee595d6ed5881337ab996b58fcf04f4e87e720f0,hyperslab-test,14/Sep/2022:18:27:53 +0000,164.107.119.245,arn:aws:iam::286405721330:user/jiang.2091,98BQFDHJRM646SBR,REST.GET.OBJECT,chunk_size_16777216.h5/test/418,GET /chunk_size_16777216.h5/test/418 HTTP/1.1,200,-,16777216,16777216,15215,154,-,aws-sdk-cpp/1.9.269 Linux/4.15.0-191-generic x86_64 GCC/6.5.0
82172df641c1b7c5a72bed79ee595d6ed5881337ab996b58fcf04f4e87e720f0,hyperslab-test,14/Sep/2022:18:27:53 +0000,164.107.119.245,arn:aws:iam::286405721330:user/jiang.2091,98BSG7351TAMSQD6,REST.GET.OBJECT,chunk_size_16777216.h5/test/427,GET /chunk_size_16777216.h5/test/427 HTTP/1.1,200,-,16777216,16777216,16745,107,-,aws-sdk-cpp/1.9.269 Linux/4.15.0-191-generic x86_64 GCC/6.5.0
82172df641c1b7c5a72bed79ee595d6ed5881337ab996b58fcf04f4e87e720f0,hyperslab-test,14/Sep/2022:18:27:53 +0000,164.107.119.245,arn:aws:iam::286405721330:user/jiang.2091,98BT57MDB5MRQ586,REST.GET.OBJECT,chunk_size_16777216.h5/test/171,GET /chunk_size_16777216.h5/test/171 HTTP/1.1,200,-,16777216,16777216,15745,139,-,aws-sdk-cpp/1.9.269 Linux/4.15.0-191-generic x86_64 GCC/6.5.0
82172df641c1b7c5a72bed79ee595d6ed5881337ab996b58fcf04f4e87e720f0,hyperslab-test,14/Sep/2022:18:27:53 +0000,164.107.119.245,arn:aws:iam::286405721330:user/jiang.2091,98BTQ9ESCYV8D362,REST.GET.OBJECT,chunk_size_16777216.h5/test/451,GET /chunk_size_16777216.h5/test/451 HTTP/1.1,200,-,16777216,16777216,12237,128,-,aws-sdk-cpp/1.9.269 Linux/4.15.0-191-generic x86_64 GCC/6.5.0
82172df641c1b7c5a72bed79ee595d6ed5881337ab996b58fcf04f4e87e720f0,hyperslab-test,14/Sep/2022:18:27:53 +0000,164.107.119.245,arn:aws:iam::286405721330:user/jiang.2091,98BV2HNEQKZQNWQQ,REST.GET.OBJECT,chunk_size_16777216.h5/test/302,GET /chunk_size_16777216.h5/test/302 HTTP/1.1,200,-,16777216,16777216,10865,115,-,aws-sdk-cpp/1.9.269 Linux/4.15.0-191-generic x86_64 GCC/6.5.0
82172df641c1b7c5a72bed79ee595d6ed5881337ab996b58fcf04f4e87e720f0,hyperslab-test,14/Sep/2022:18:27:53 +0000,164.107.119.245,arn:aws:iam::286405721330:user/jiang.2091,98BVJTEEYQ1BM04C,REST.GET.OBJECT,chunk_size_16777216.h5/test/455,GET /chunk_size_16777216.h5/test/455 HTTP/1.1,200,-,16777216,16777216,12909,131,-,aws-sdk-cpp/1.9.269 Linux/4.15.0-191-generic x86_64 GCC/6.5.0
82172df641c1b7c5a72bed79ee595d6ed5881337ab996b58fcf04f4e87e720f0,hyperslab-test,14/Sep/2022:18:27:53 +0000,164.107.119.245,arn:aws:iam::286405721330:user/jiang.2091,98BYP9CRWGECBB0X,REST.GET.OBJECT,chunk_size_16777216.h5/test/395,GET /chunk_size_16777216.h5/test/395 HTTP/1.1,200,-,16777216,16777216,10329,181,-,aws-sdk-cpp/1.9.269 Linux/4.15.0-191-generic x86_64 GCC/6.5.0
82172df641c1b7c5a72bed79ee595d6ed5881337ab996b58fcf04f4e87e720f0,hyperslab-test,14/Sep/2022:18:27:53 +0000,164.107.119.245,arn:aws:iam::286405721330:user/jiang.2091,98BZ0Z5H069R82CC,REST.GET.OBJECT,chunk_size_16777216.h5/test/104,GET /chunk_size_16777216.h5/test/104 HTTP/1.1,200,-,16777216,16777216,10658,149,-,aws-sdk-cpp/1.9.269 Linux/4.15.0-191-generic x86_64 GCC/6.5.0
82172df641c1b7c5a72bed79ee595d6ed5881337ab996b58fcf04f4e87e720f0,hyperslab-test,14/Sep/2022:18:27:53 +0000,164.107.119.245,arn:aws:iam::286405721330:user/jiang.2091,98BZQWHVVBNEBJ9Q,REST.GET.OBJECT,chunk_size_16777216.h5/test/99,GET /chunk_size_16777216.h5/test/99 HTTP/1.1,200,-,16777216,16777216,7564,84,-,aws-sdk-cpp/1.9.269 Linux/4.15.0-191-generic x86_64 GCC/6.5.0
82172df641c1b7c5a72bed79ee595d6ed5881337ab996b58fcf04f4e87e720f0,hyperslab-test,14/Sep/2022:18:27:53 +0000,164.107.119.245,arn:aws:iam::286405721330:user/jiang.2091,98BGKJHQZDTFJA00,REST.GET.OBJECT,chunk_size_16777216.h5/test/43,GET /chunk_size_16777216.h5/test/43 HTTP/1.1,200,-,16777216,16777216,16149,80,-,aws-sdk-cpp/1.9.269 Linux/4.15.0-191-generic x86_64 GCC/6.5.0
82172df641c1b7c5a72bed79ee595d6ed5881337ab996b58fcf04f4e87e720f0,hyperslab-test,14/Sep/2022:18:27:53 +0000,164.107.119.245,arn:aws:iam::286405721330:user/jiang.2091,98BMA7YRARM52F7S,REST.GET.OBJECT,chunk_size_16777216.h5/test/134,GET /chunk_size_16777216.h5/test/134 HTTP/1.1,200,-,16777216,16777216,14444,105,-,aws-sdk-cpp/1.9.269 Linux/4.15.0-191-generic x86_64 GCC/6.5.0
82172df641c1b7c5a72bed79ee595d6ed5881337ab996b58fcf04f4e87e720f0,hyperslab-test,14/Sep/2022:18:27:53 +0000,164.107.119.245,arn:aws:iam::286405721330:user/jiang.2091,98BNG8WJWN9RS3K5,REST.GET.OBJECT,chunk_size_16777216.h5/test/482,GET /chunk_size_16777216.h5/test/482 HTTP/1.1,200,-,16777216,16777216,8138,133,-,aws-sdk-cpp/1.9.269 Linux/4.15.0-191-generic x86_64 GCC/6.5.0
82172df641c1b7c5a72bed79ee595d6ed5881337ab996b58fcf04f4e87e720f0,hyperslab-test,14/Sep/2022:18:27:53 +0000,164.107.119.245,arn:aws:iam::286405721330:user/jiang.2091,98BNYB1SPDR4TDN3,REST.GET.OBJECT,chunk_size_16777216.h5/test/64,GET /chunk_size_16777216.h5/test/64 HTTP/1.1,200,-,16777216,16777216,789,146,-,aws-sdk-cpp/1.9.269 Linux/4.15.0-191-generic x86_64 GCC/6.5.0
82172df641c1b7c5a72bed79ee595d6ed5881337ab996b58fcf04f4e87e720f0,hyperslab-test,14/Sep/2022:18:27:53 +0000,164.107.119.245,arn:aws:iam::286405721330:user/jiang.2091,98BPAMSY1RP5KYYG,REST.GET.OBJECT,chunk_size_16777216.h5/test/261,GET /chunk_size_16777216.h5/test/261 HTTP/1.1,200,-,16777216,16777216,9684,76,-,aws-sdk-cpp/1.9.269 Linux/4.15.0-191-generic x86_64 GCC/6.5.0
82172df641c1b7c5a72bed79ee595d6ed5881337ab996b58fcf04f4e87e720f0,hyperslab-test,14/Sep/2022:18:27:53 +0000,164.107.119.245,arn:aws:iam::286405721330:user/jiang.2091,98BPXWD6A0JZQRSR,REST.GET.OBJECT,chunk_size_16777216.h5/test/196,GET /chunk_size_16777216.h5/test/196 HTTP/1.1,200,-,16777216,16777216,10974,151,-,aws-sdk-cpp/1.9.269 Linux/4.15.0-191-generic x86_64 GCC/6.5.0
82172df641c1b7c5a72bed79ee595d6ed5881337ab996b58fcf04f4e87e720f0,hyperslab-test,14/Sep/2022:18:27:53 +0000,164.107.119.245,arn:aws:iam::286405721330:user/jiang.2091,98BPY074EF4B61Y2,REST.GET.OBJECT,chunk_size_16777216.h5/test/175,GET /chunk_size_16777216.h5/test/175 HTTP/1.1,200,-,16777216,16777216,12175,190,-,aws-sdk-cpp/1.9.269 Linux/4.15.0-191-generic x86_64 GCC/6.5.0
82172df641c1b7c5a72bed79ee595d6ed5881337ab996b58fcf04f4e87e720f0,hyperslab-test,14/Sep/2022:18:27:53 +0000,164.107.119.245,arn:aws:iam::286405721330:user/jiang.2091,98BQMSM8DTJWT472,REST.GET.OBJECT,chunk_size_16777216.h5/test/206,GET /chunk_size_16777216.h5/test/206 HTTP/1.1,200,-,16777216,16777216,12158,98,-,aws-sdk-cpp/1.9.269 Linux/4.15.0-191-generic x86_64 GCC/6.5.0
82172df641c1b7c5a72bed79ee595d6ed5881337ab996b58fcf04f4e87e720f0,hyperslab-test,14/Sep/2022:18:27:53 +0000,164.107.119.245,arn:aws:iam::286405721330:user/jiang.2091,98BQMV6ENBHEK8Z9,REST.GET.OBJECT,chunk_size_16777216.h5/test/491,GET /chunk_size_16777216.h5/test/491 HTTP/1.1,200,-,16777216,16777216,16560,139,-,aws-sdk-cpp/1.9.269 Linux/4.15.0-191-generic x86_64 GCC/6.5.0
82172df641c1b7c5a72bed79ee595d6ed5881337ab996b58fcf04f4e87e720f0,hyperslab-test,14/Sep/2022:18:27:53 +0000,164.107.119.245,arn:aws:iam::286405721330:user/jiang.2091,98BV9HFHSJ66RC9W,REST.GET.OBJECT,chunk_size_16777216.h5/test/294,GET /chunk_size_16777216.h5/test/294 HTTP/1.1,200,-,16777216,16777216,7719,99,-,aws-sdk-cpp/1.9.269 Linux/4.15.0-191-generic x86_64 GCC/6.5.0
82172df641c1b7c5a72bed79ee595d6ed5881337ab996b58fcf04f4e87e720f0,hyperslab-test,14/Sep/2022:18:27:53 +0000,164.107.119.245,arn:aws:iam::286405721330:user/jiang.2091,98BW945M38C3DHFR,REST.GET.OBJECT,chunk_size_16777216.h5/test/300,GET /chunk_size_16777216.h5/test/300 HTTP/1.1,200,-,16777216,16777216,9633,144,-,aws-sdk-cpp/1.9.269 Linux/4.15.0-191-generic x86_64 GCC/6.5.0
82172df641c1b7c5a72bed79ee595d6ed5881337ab996b58fcf04f4e87e720f0,hyperslab-test,14/Sep/2022:18:27:53 +0000,164.107.119.245,arn:aws:iam::286405721330:user/jiang.2091,98BWQ808DDJHCYMQ,REST.GET.OBJECT,chunk_size_16777216.h5/test/205,GET /chunk_size_16777216.h5/test/205 HTTP/1.1,200,-,16777216,16777216,8102,109,-,aws-sdk-cpp/1.9.269 Linux/4.15.0-191-generic x86_64 GCC/6.5.0
82172df641c1b7c5a72bed79ee595d6ed5881337ab996b58fcf04f4e87e720f0,hyperslab-test,14/Sep/2022:18:27:53 +0000,164.107.119.245,arn:aws:iam::286405721330:user/jiang.2091,98BZQ9NJXG52HN3E,REST.GET.OBJECT,chunk_size_16777216.h5/test/204,GET /chunk_size_16777216.h5/test/204 HTTP/1.1,200,-,16777216,16777216,8673,109,-,aws-sdk-cpp/1.9.269 Linux/4.15.0-191-generic x86_64 GCC/6.5.0
82172df641c1b7c5a72bed79ee595d6ed5881337ab996b58fcf04f4e87e720f0,hyperslab-test,14/Sep/2022:18:27:54 +0000,164.107.119.245,arn:aws:iam::286405721330:user/jiang.2091,4T233KK80A0B40Q9,REST.GET.OBJECT,chunk_size_16777216.h5/test/291,GET /chunk_size_16777216.h5/test/291 HTTP/1.1,200,-,16777216,16777216,11472,128,-,aws-sdk-cpp/1.9.269 Linux/4.15.0-191-generic x86_64 GCC/6.5.0
82172df641c1b7c5a72bed79ee595d6ed5881337ab996b58fcf04f4e87e720f0,hyperslab-test,14/Sep/2022:18:27:53 +0000,164.107.119.245,arn:aws:iam::286405721330:user/jiang.2091,98BSCNWG8NZZM2VP,REST.GET.OBJECT,chunk_size_16777216.h5/test/199,GET /chunk_size_16777216.h5/test/199 HTTP/1.1,200,-,16777216,16777216,8652,98,-,aws-sdk-cpp/1.9.269 Linux/4.15.0-191-generic x86_64 GCC/6.5.0
82172df641c1b7c5a72bed79ee595d6ed5881337ab996b58fcf04f4e87e720f0,hyperslab-test,14/Sep/2022:18:27:53 +0000,164.107.119.245,arn:aws:iam::286405721330:user/jiang.2091,98BT8Q7E7XNEJ23H,REST.GET.OBJECT,chunk_size_16777216.h5/test/200,GET /chunk_size_16777216.h5/test/200 HTTP/1.1,200,-,16777216,16777216,8614,163,-,aws-sdk-cpp/1.9.269 Linux/4.15.0-191-generic x86_64 GCC/6.5.0
82172df641c1b7c5a72bed79ee595d6ed5881337ab996b58fcf04f4e87e720f0,hyperslab-test,14/Sep/2022:18:27:53 +0000,164.107.119.245,arn:aws:iam::286405721330:user/jiang.2091,98BV2JXV5H1XR8Y5,REST.GET.OBJECT,chunk_size_16777216.h5/test/163,GET /chunk_size_16777216.h5/test/163 HTTP/1.1,200,-,16777216,16777216,8010,111,-,aws-sdk-cpp/1.9.269 Linux/4.15.0-191-generic x86_64 GCC/6.5.0
82172df641c1b7c5a72bed79ee595d6ed5881337ab996b58fcf04f4e87e720f0,hyperslab-test,14/Sep/2022:18:27:53 +0000,164.107.119.245,arn:aws:iam::286405721330:user/jiang.2091,98BVCW3TC3GSJ06Z,REST.GET.OBJECT,chunk_size_16777216.h5/test/67,GET /chunk_size_16777216.h5/test/67 HTTP/1.1,200,-,16777216,16777216,12920,119,-,aws-sdk-cpp/1.9.269 Linux/4.15.0-191-generic x86_64 GCC/6.5.0
82172df641c1b7c5a72bed79ee595d6ed5881337ab996b58fcf04f4e87e720f0,hyperslab-test,14/Sep/2022:18:27:53 +0000,164.107.119.245,arn:aws:iam::286405721330:user/jiang.2091,98BX279BPHSMZ2QB,REST.GET.OBJECT,chunk_size_16777216.h5/test/203,GET /chunk_size_16777216.h5/test/203 HTTP/1.1,200,-,16777216,16777216,11302,139,-,aws-sdk-cpp/1.9.269 Linux/4.15.0-191-generic x86_64 GCC/6.5.0
82172df641c1b7c5a72bed79ee595d6ed5881337ab996b58fcf04f4e87e720f0,hyperslab-test,14/Sep/2022:18:27:53 +0000,164.107.119.245,arn:aws:iam::286405721330:user/jiang.2091,98BXH996DP9XZWY5,REST.GET.OBJECT,chunk_size_16777216.h5/test/334,GET /chunk_size_16777216.h5/test/334 HTTP/1.1,200,-,16777216,16777216,5981,104,-,aws-sdk-cpp/1.9.269 Linux/4.15.0-191-generic x86_64 GCC/6.5.0
82172df641c1b7c5a72bed79ee595d6ed5881337ab996b58fcf04f4e87e720f0,hyperslab-test,14/Sep/2022:18:27:53 +0000,164.107.119.245,arn:aws:iam::286405721330:user/jiang.2091,98BXHFP236KKJYZ5,REST.GET.OBJECT,chunk_size_16777216.h5/test/362,GET /chunk_size_16777216.h5/test/362 HTTP/1.1,200,-,16777216,16777216,10428,136,-,aws-sdk-cpp/1.9.269 Linux/4.15.0-191-generic x86_64 GCC/6.5.0
82172df641c1b7c5a72bed79ee595d6ed5881337ab996b58fcf04f4e87e720f0,hyperslab-test,14/Sep/2022:18:27:53 +0000,164.107.119.245,arn:aws:iam::286405721330:user/jiang.2091,98BYASGCSXDKXPG9,REST.GET.OBJECT,chunk_size_16777216.h5/test/228,GET /chunk_size_16777216.h5/test/228 HTTP/1.1,200,-,16777216,16777216,11000,157,-,aws-sdk-cpp/1.9.269 Linux/4.15.0-191-generic x86_64 GCC/6.5.0
82172df641c1b7c5a72bed79ee595d6ed5881337ab996b58fcf04f4e87e720f0,hyperslab-test,14/Sep/2022:18:27:54 +0000,164.107.119.245,arn:aws:iam::286405721330:user/jiang.2091,4T2166FJDRB9V410,REST.GET.OBJECT,chunk_size_16777216.h5/test/399,GET /chunk_size_16777216.h5/test/399 HTTP/1.1,200,-,16777216,16777216,10952,101,-,aws-sdk-cpp/1.9.269 Linux/4.15.0-191-generic x86_64 GCC/6.5.0
82172df641c1b7c5a72bed79ee595d6ed5881337ab996b58fcf04f4e87e720f0,hyperslab-test,14/Sep/2022:18:27:53 +0000,164.107.119.245,arn:aws:iam::286405721330:user/jiang.2091,98BHE3RYCTTWV73V,REST.GET.OBJECT,chunk_size_16777216.h5/test/207,GET /chunk_size_16777216.h5/test/207 HTTP/1.1,200,-,16777216,16777216,7010,118,-,aws-sdk-cpp/1.9.269 Linux/4.15.0-191-generic x86_64 GCC/6.5.0
82172df641c1b7c5a72bed79ee595d6ed5881337ab996b58fcf04f4e87e720f0,hyperslab-test,14/Sep/2022:18:27:53 +0000,164.107.119.245,arn:aws:iam::286405721330:user/jiang.2091,98BHPSDKHFDVPHD9,REST.GET.OBJECT,chunk_size_16777216.h5/test/105,GET /chunk_size_16777216.h5/test/105 HTTP/1.1,200,-,16777216,16777216,9026,127,-,aws-sdk-cpp/1.9.269 Linux/4.15.0-191-generic x86_64 GCC/6.5.0
82172df641c1b7c5a72bed79ee595d6ed5881337ab996b58fcf04f4e87e720f0,hyperslab-test,14/Sep/2022:18:27:53 +0000,164.107.119.245,arn:aws:iam::286405721330:user/jiang.2091,98BKYYWBRZZ72KMV,REST.GET.OBJECT,chunk_size_16777216.h5/test/270,GET /chunk_size_16777216.h5/test/270 HTTP/1.1,200,-,16777216,16777216,14418,133,-,aws-sdk-cpp/1.9.269 Linux/4.15.0-191-generic x86_64 GCC/6.5.0
82172df641c1b7c5a72bed79ee595d6ed5881337ab996b58fcf04f4e87e720f0,hyperslab-test,14/Sep/2022:18:27:53 +0000,164.107.119.245,arn:aws:iam::286405721330:user/jiang.2091,98BNE7A0TQKZW6S8,REST.GET.OBJECT,chunk_size_16777216.h5/test/10,GET /chunk_size_16777216.h5/test/10 HTTP/1.1,200,-,16777216,16777216,7692,120,-,aws-sdk-cpp/1.9.269 Linux/4.15.0-191-generic x86_64 GCC/6.5.0
82172df641c1b7c5a72bed79ee595d6ed5881337ab996b58fcf04f4e87e720f0,hyperslab-test,14/Sep/2022:18:27:53 +0000,164.107.119.245,arn:aws:iam::286405721330:user/jiang.2091,98BNPK60DT3XBCSG,REST.GET.OBJECT,chunk_size_16777216.h5/test/96,GET /chunk_size_16777216.h5/test/96 HTTP/1.1,200,-,16777216,16777216,5937,98,-,aws-sdk-cpp/1.9.269 Linux/4.15.0-191-generic x86_64 GCC/6.5.0
82172df641c1b7c5a72bed79ee595d6ed5881337ab996b58fcf04f4e87e720f0,hyperslab-test,14/Sep/2022:18:27:53 +0000,164.107.119.245,arn:aws:iam::286405721330:user/jiang.2091,98BSY0DEMRXNDRWZ,REST.GET.OBJECT,chunk_size_16777216.h5/test/396,GET /chunk_size_16777216.h5/test/396 HTTP/1.1,200,-,16777216,16777216,12868,115,-,aws-sdk-cpp/1.9.269 Linux/4.15.0-191-generic x86_64 GCC/6.5.0
82172df641c1b7c5a72bed79ee595d6ed5881337ab996b58fcf04f4e87e720f0,hyperslab-test,14/Sep/2022:18:27:53 +0000,164.107.119.245,arn:aws:iam::286405721330:user/jiang.2091,98BTTX7QPXWEEHG7,REST.GET.OBJECT,chunk_size_16777216.h5/test/166,GET /chunk_size_16777216.h5/test/166 HTTP/1.1,200,-,16777216,16777216,14277,83,-,aws-sdk-cpp/1.9.269 Linux/4.15.0-191-generic x86_64 GCC/6.5.0
82172df641c1b7c5a72bed79ee595d6ed5881337ab996b58fcf04f4e87e720f0,hyperslab-test,14/Sep/2022:18:27:53 +0000,164.107.119.245,arn:aws:iam::286405721330:user/jiang.2091,98BVWDXJWY4E4HPX,REST.GET.OBJECT,chunk_size_16777216.h5/test/1,GET /chunk_size_16777216.h5/test/1 HTTP/1.1,200,-,16777216,16777216,6789,76,-,aws-sdk-cpp/1.9.269 Linux/4.15.0-191-generic x86_64 GCC/6.5.0
82172df641c1b7c5a72bed79ee595d6ed5881337ab996b58fcf04f4e87e720f0,hyperslab-test,14/Sep/2022:18:27:53 +0000,164.107.119.245,arn:aws:iam::286405721330:user/jiang.2091,98BW217BQKBEQ2BT,REST.GET.OBJECT,chunk_size_16777216.h5/test/354,GET /chunk_size_16777216.h5/test/354 HTTP/1.1,200,-,16777216,16777216,16328,136,-,aws-sdk-cpp/1.9.269 Linux/4.15.0-191-generic x86_64 GCC/6.5.0
82172df641c1b7c5a72bed79ee595d6ed5881337ab996b58fcf04f4e87e720f0,hyperslab-test,14/Sep/2022:18:27:53 +0000,164.107.119.245,arn:aws:iam::286405721330:user/jiang.2091,98BWDDQJBZVNS8X6,REST.GET.OBJECT,chunk_size_16777216.h5/test/419,GET /chunk_size_16777216.h5/test/419 HTTP/1.1,200,-,16777216,16777216,7031,135,-,aws-sdk-cpp/1.9.269 Linux/4.15.0-191-generic x86_64 GCC/6.5.0
82172df641c1b7c5a72bed79ee595d6ed5881337ab996b58fcf04f4e87e720f0,hyperslab-test,14/Sep/2022:18:27:53 +0000,164.107.119.245,arn:aws:iam::286405721330:user/jiang.2091,98BYN4H24Y555FC2,REST.GET.OBJECT,chunk_size_16777216.h5/test/357,GET /chunk_size_16777216.h5/test/357 HTTP/1.1,200,-,16777216,16777216,11002,188,-,aws-sdk-cpp/1.9.269 Linux/4.15.0-191-generic x86_64 GCC/6.5.0
82172df641c1b7c5a72bed79ee595d6ed5881337ab996b58fcf04f4e87e720f0,hyperslab-test,14/Sep/2022:18:27:53 +0000,164.107.119.245,arn:aws:iam::286405721330:user/jiang.2091,98BG7BG1E9Y33X3R,REST.GET.OBJECT,chunk_size_16777216.h5/test/480,GET /chunk_size_16777216.h5/test/480 HTTP/1.1,200,-,16777216,16777216,13399,112,-,aws-sdk-cpp/1.9.269 Linux/4.15.0-191-generic x86_64 GCC/6.5.0
82172df641c1b7c5a72bed79ee595d6ed5881337ab996b58fcf04f4e87e720f0,hyperslab-test,14/Sep/2022:18:27:53 +0000,164.107.119.245,arn:aws:iam::286405721330:user/jiang.2091,98BG8Q04WEY2AZVG,REST.GET.OBJECT,chunk_size_16777216.h5/test/110,GET /chunk_size_16777216.h5/test/110 HTTP/1.1,200,-,16777216,16777216,6391,104,-,aws-sdk-cpp/1.9.269 Linux/4.15.0-191-generic x86_64 GCC/6.5.0
82172df641c1b7c5a72bed79ee595d6ed5881337ab996b58fcf04f4e87e720f0,hyperslab-test,14/Sep/2022:18:27:53 +0000,164.107.119.245,arn:aws:iam::286405721330:user/jiang.2091,98BGDD5JFCQZH7DG,REST.GET.OBJECT,chunk_size_16777216.h5/test/266,GET /chunk_size_16777216.h5/test/266 HTTP/1.1,200,-,16777216,16777216,7963,126,-,aws-sdk-cpp/1.9.269 Linux/4.15.0-191-generic x86_64 GCC/6.5.0
82172df641c1b7c5a72bed79ee595d6ed5881337ab996b58fcf04f4e87e720f0,hyperslab-test,14/Sep/2022:18:27:53 +0000,164.107.119.245,arn:aws:iam::286405721330:user/jiang.2091,98BH25CKENCYSWZT,REST.GET.OBJECT,chunk_size_16777216.h5/test/352,GET /chunk_size_16777216.h5/test/352 HTTP/1.1,200,-,16777216,16777216,8690,150,-,aws-sdk-cpp/1.9.269 Linux/4.15.0-191-generic x86_64 GCC/6.5.0
82172df641c1b7c5a72bed79ee595d6ed5881337ab996b58fcf04f4e87e720f0,hyperslab-test,14/Sep/2022:18:27:53 +0000,164.107.119.245,arn:aws:iam::286405721330:user/jiang.2091,98BJS6JSKBD6MC6K,REST.GET.OBJECT,chunk_size_16777216.h5/test/68,GET /chunk_size_16777216.h5/test/68 HTTP/1.1,200,-,16777216,16777216,9478,96,-,aws-sdk-cpp/1.9.269 Linux/4.15.0-191-generic x86_64 GCC/6.5.0
82172df641c1b7c5a72bed79ee595d6ed5881337ab996b58fcf04f4e87e720f0,hyperslab-test,14/Sep/2022:18:27:53 +0000,164.107.119.245,arn:aws:iam::286405721330:user/jiang.2091,98BNQJH6XN1Y6G7S,REST.GET.OBJECT,chunk_size_16777216.h5/test/141,GET /chunk_size_16777216.h5/test/141 HTTP/1.1,200,-,16777216,16777216,14495,97,-,aws-sdk-cpp/1.9.269 Linux/4.15.0-191-generic x86_64 GCC/6.5.0
82172df641c1b7c5a72bed79ee595d6ed5881337ab996b58fcf04f4e87e720f0,hyperslab-test,14/Sep/2022:18:27:53 +0000,164.107.119.245,arn:aws:iam::286405721330:user/jiang.2091,98BQSNMBAG008E68,REST.GET.OBJECT,chunk_size_16777216.h5/test/385,GET /chunk_size_16777216.h5/test/385 HTTP/1.1,200,-,16777216,16777216,6985,135,-,aws-sdk-cpp/1.9.269 Linux/4.15.0-191-generic x86_64 GCC/6.5.0
82172df641c1b7c5a72bed79ee595d6ed5881337ab996b58fcf04f4e87e720f0,hyperslab-test,14/Sep/2022:18:27:53 +0000,164.107.119.245,arn:aws:iam::286405721330:user/jiang.2091,98BQVDWYY59CAVB0,REST.GET.OBJECT,chunk_size_16777216.h5/test/143,GET /chunk_size_16777216.h5/test/143 HTTP/1.1,200,-,16777216,16777216,15304,101,-,aws-sdk-cpp/1.9.269 Linux/4.15.0-191-generic x86_64 GCC/6.5.0
82172df641c1b7c5a72bed79ee595d6ed5881337ab996b58fcf04f4e87e720f0,hyperslab-test,14/Sep/2022:18:27:53 +0000,164.107.119.245,arn:aws:iam::286405721330:user/jiang.2091,98BTQ4Y3CCACJ7W2,REST.GET.OBJECT,chunk_size_16777216.h5/test/232,GET /chunk_size_16777216.h5/test/232 HTTP/1.1,200,-,16777216,16777216,9001,127,-,aws-sdk-cpp/1.9.269 Linux/4.15.0-191-generic x86_64 GCC/6.5.0
82172df641c1b7c5a72bed79ee595d6ed5881337ab996b58fcf04f4e87e720f0,hyperslab-test,14/Sep/2022:18:27:53 +0000,164.107.119.245,arn:aws:iam::286405721330:user/jiang.2091,98BTXMRDZHYDH52Q,REST.GET.OBJECT,chunk_size_16777216.h5/test/423,GET /chunk_size_16777216.h5/test/423 HTTP/1.1,200,-,16777216,16777216,12988,128,-,aws-sdk-cpp/1.9.269 Linux/4.15.0-191-generic x86_64 GCC/6.5.0
82172df641c1b7c5a72bed79ee595d6ed5881337ab996b58fcf04f4e87e720f0,hyperslab-test,14/Sep/2022:18:27:53 +0000,164.107.119.245,arn:aws:iam::286405721330:user/jiang.2091,98BW1Z47Z1S7BH33,REST.GET.OBJECT,chunk_size_16777216.h5/test/230,GET /chunk_size_16777216.h5/test/230 HTTP/1.1,200,-,16777216,16777216,8561,116,-,aws-sdk-cpp/1.9.269 Linux/4.15.0-191-generic x86_64 GCC/6.5.0
82172df641c1b7c5a72bed79ee595d6ed5881337ab996b58fcf04f4e87e720f0,hyperslab-test,14/Sep/2022:18:27:53 +0000,164.107.119.245,arn:aws:iam::286405721330:user/jiang.2091,98BYC1A41PXV8A6W,REST.GET.OBJECT,chunk_size_16777216.h5/test/233,GET /chunk_size_16777216.h5/test/233 HTTP/1.1,200,-,16777216,16777216,5438,90,-,aws-sdk-cpp/1.9.269 Linux/4.15.0-191-generic x86_64 GCC/6.5.0
82172df641c1b7c5a72bed79ee595d6ed5881337ab996b58fcf04f4e87e720f0,hyperslab-test,14/Sep/2022:18:27:53 +0000,164.107.119.245,arn:aws:iam::286405721330:user/jiang.2091,98BZCYFEFK1PTZ6V,REST.GET.OBJECT,chunk_size_16777216.h5/test/13,GET /chunk_size_16777216.h5/test/13 HTTP/1.1,200,-,16777216,16777216,12470,97,-,aws-sdk-cpp/1.9.269 Linux/4.15.0-191-generic x86_64 GCC/6.5.0
82172df641c1b7c5a72bed79ee595d6ed5881337ab996b58fcf04f4e87e720f0,hyperslab-test,14/Sep/2022:18:27:53 +0000,164.107.119.245,arn:aws:iam::286405721330:user/jiang.2091,98BZGM7X6ZCCXZ3H,REST.GET.OBJECT,chunk_size_16777216.h5/test/263,GET /chunk_size_16777216.h5/test/263 HTTP/1.1,200,-,16777216,16777216,6854,151,-,aws-sdk-cpp/1.9.269 Linux/4.15.0-191-generic x86_64 GCC/6.5.0
82172df641c1b7c5a72bed79ee595d6ed5881337ab996b58fcf04f4e87e720f0,hyperslab-test,14/Sep/2022:18:27:53 +0000,164.107.119.245,arn:aws:iam::286405721330:user/jiang.2091,98BG4HT1V58RP7PV,REST.GET.OBJECT,chunk_size_16777216.h5/test/135,GET /chunk_size_16777216.h5/test/135 HTTP/1.1,200,-,16777216,16777216,16799,118,-,aws-sdk-cpp/1.9.269 Linux/4.15.0-191-generic x86_64 GCC/6.5.0
82172df641c1b7c5a72bed79ee595d6ed5881337ab996b58fcf04f4e87e720f0,hyperslab-test,14/Sep/2022:18:27:53 +0000,164.107.119.245,arn:aws:iam::286405721330:user/jiang.2091,98BH28B480EE96RV,REST.GET.OBJECT,chunk_size_16777216.h5/test/41,GET /chunk_size_16777216.h5/test/41 HTTP/1.1,200,-,16777216,16777216,7068,87,-,aws-sdk-cpp/1.9.269 Linux/4.15.0-191-generic x86_64 GCC/6.5.0
82172df641c1b7c5a72bed79ee595d6ed5881337ab996b58fcf04f4e87e720f0,hyperslab-test,14/Sep/2022:18:27:53 +0000,164.107.119.245,arn:aws:iam::286405721330:user/jiang.2091,98BK4CFNAFJMP8W1,REST.GET.OBJECT,chunk_size_16777216.h5/test/365,GET /chunk_size_16777216.h5/test/365 HTTP/1.1,200,-,16777216,16777216,13890,92,-,aws-sdk-cpp/1.9.269 Linux/4.15.0-191-generic x86_64 GCC/6.5.0
82172df641c1b7c5a72bed79ee595d6ed5881337ab996b58fcf04f4e87e720f0,hyperslab-test,14/Sep/2022:18:27:53 +0000,164.107.119.245,arn:aws:iam::286405721330:user/jiang.2091,98BKS9HX5WWPDM3M,REST.GET.OBJECT,chunk_size_16777216.h5/test/72,GET /chunk_size_16777216.h5/test/72 HTTP/1.1,200,-,16777216,16777216,6516,131,-,aws-sdk-cpp/1.9.269 Linux/4.15.0-191-generic x86_64 GCC/6.5.0
82172df641c1b7c5a72bed79ee595d6ed5881337ab996b58fcf04f4e87e720f0,hyperslab-test,14/Sep/2022:18:27:53 +0000,164.107.119.245,arn:aws:iam::286405721330:user/jiang.2091,98BKVNZB0ZX9YMY5,REST.GET.OBJECT,chunk_size_16777216.h5/test/224,GET /chunk_size_16777216.h5/test/224 HTTP/1.1,200,-,16777216,16777216,8004,131,-,aws-sdk-cpp/1.9.269 Linux/4.15.0-191-generic x86_64 GCC/6.5.0
82172df641c1b7c5a72bed79ee595d6ed5881337ab996b58fcf04f4e87e720f0,hyperslab-test,14/Sep/2022:18:27:53 +0000,164.107.119.245,arn:aws:iam::286405721330:user/jiang.2091,98BP3YJJXXKWEFYP,REST.GET.OBJECT,chunk_size_16777216.h5/test/425,GET /chunk_size_16777216.h5/test/425 HTTP/1.1,200,-,16777216,16777216,15123,133,-,aws-sdk-cpp/1.9.269 Linux/4.15.0-191-generic x86_64 GCC/6.5.0
82172df641c1b7c5a72bed79ee595d6ed5881337ab996b58fcf04f4e87e720f0,hyperslab-test,14/Sep/2022:18:27:53 +0000,164.107.119.245,arn:aws:iam::286405721330:user/jiang.2091,98BRSM0FRZC6PERG,REST.GET.OBJECT,chunk_size_16777216.h5/test/75,GET /chunk_size_16777216.h5/test/75 HTTP/1.1,200,-,16777216,16777216,7680,111,-,aws-sdk-cpp/1.9.269 Linux/4.15.0-191-generic x86_64 GCC/6.5.0
82172df641c1b7c5a72bed79ee595d6ed5881337ab996b58fcf04f4e87e720f0,hyperslab-test,14/Sep/2022:18:27:53 +0000,164.107.119.245,arn:aws:iam::286405721330:user/jiang.2091,98BS97A4FC85539D,REST.GET.OBJECT,chunk_size_16777216.h5/test/267,GET /chunk_size_16777216.h5/test/267 HTTP/1.1,200,-,16777216,16777216,10885,147,-,aws-sdk-cpp/1.9.269 Linux/4.15.0-191-generic x86_64 GCC/6.5.0
82172df641c1b7c5a72bed79ee595d6ed5881337ab996b58fcf04f4e87e720f0,hyperslab-test,14/Sep/2022:18:27:53 +0000,164.107.119.245,arn:aws:iam::286405721330:user/jiang.2091,98BVSFBZXQNPY05W,REST.GET.OBJECT,chunk_size_16777216.h5/test/456,GET /chunk_size_16777216.h5/test/456 HTTP/1.1,200,-,16777216,16777216,13414,93,-,aws-sdk-cpp/1.9.269 Linux/4.15.0-191-generic x86_64 GCC/6.5.0
82172df641c1b7c5a72bed79ee595d6ed5881337ab996b58fcf04f4e87e720f0,hyperslab-test,14/Sep/2022:18:27:53 +0000,164.107.119.245,arn:aws:iam::286405721330:user/jiang.2091,98BWMW7KWCYFQKKJ,REST.GET.OBJECT,chunk_size_16777216.h5/test/397,GET /chunk_size_16777216.h5/test/397 HTTP/1.1,200,-,16777216,16777216,10978,116,-,aws-sdk-cpp/1.9.269 Linux/4.15.0-191-generic x86_64 GCC/6.5.0
82172df641c1b7c5a72bed79ee595d6ed5881337ab996b58fcf04f4e87e720f0,hyperslab-test,14/Sep/2022:18:27:53 +0000,164.107.119.245,arn:aws:iam::286405721330:user/jiang.2091,98BX80NM4PA2KHM8,REST.GET.OBJECT,chunk_size_16777216.h5/test/329,GET /chunk_size_16777216.h5/test/329 HTTP/1.1,200,-,16777216,16777216,10636,110,-,aws-sdk-cpp/1.9.269 Linux/4.15.0-191-generic x86_64 GCC/6.5.0
82172df641c1b7c5a72bed79ee595d6ed5881337ab996b58fcf04f4e87e720f0,hyperslab-test,14/Sep/2022:18:27:53 +0000,164.107.119.245,arn:aws:iam::286405721330:user/jiang.2091,98BXAX38WMVGRKJR,REST.GET.OBJECT,chunk_size_16777216.h5/test/390,GET /chunk_size_16777216.h5/test/390 HTTP/1.1,200,-,16777216,16777216,11660,100,-,aws-sdk-cpp/1.9.269 Linux/4.15.0-191-generic x86_64 GCC/6.5.0
82172df641c1b7c5a72bed79ee595d6ed5881337ab996b58fcf04f4e87e720f0,hyperslab-test,14/Sep/2022:18:27:53 +0000,164.107.119.245,arn:aws:iam::286405721330:user/jiang.2091,98BYY6DXJEY5KJWC,REST.GET.OBJECT,chunk_size_16777216.h5/test/449,GET /chunk_size_16777216.h5/test/449 HTTP/1.1,200,-,16777216,16777216,8750,126,-,aws-sdk-cpp/1.9.269 Linux/4.15.0-191-generic x86_64 GCC/6.5.0
82172df641c1b7c5a72bed79ee595d6ed5881337ab996b58fcf04f4e87e720f0,hyperslab-test,14/Sep/2022:18:27:54 +0000,164.107.119.245,arn:aws:iam::286405721330:user/jiang.2091,4T21GG8ZFTJW2ZPB,REST.GET.OBJECT,chunk_size_16777216.h5/test/358,GET /chunk_size_16777216.h5/test/358 HTTP/1.1,200,-,16777216,16777216,9353,149,-,aws-sdk-cpp/1.9.269 Linux/4.15.0-191-generic x86_64 GCC/6.5.0
82172df641c1b7c5a72bed79ee595d6ed5881337ab996b58fcf04f4e87e720f0,hyperslab-test,14/Sep/2022:18:27:53 +0000,164.107.119.245,arn:aws:iam::286405721330:user/jiang.2091,98BGXT2F7JKE7X66,REST.GET.OBJECT,chunk_size_16777216.h5/test/139,GET /chunk_size_16777216.h5/test/139 HTTP/1.1,200,-,16777216,16777216,7135,109,-,aws-sdk-cpp/1.9.269 Linux/4.15.0-191-generic x86_64 GCC/6.5.0
82172df641c1b7c5a72bed79ee595d6ed5881337ab996b58fcf04f4e87e720f0,hyperslab-test,14/Sep/2022:18:27:53 +0000,164.107.119.245,arn:aws:iam::286405721330:user/jiang.2091,98BH5PZP9H4ZX5ZX,REST.GET.OBJECT,chunk_size_16777216.h5/test/138,GET /chunk_size_16777216.h5/test/138 HTTP/1.1,200,-,16777216,16777216,10332,134,-,aws-sdk-cpp/1.9.269 Linux/4.15.0-191-generic x86_64 GCC/6.5.0
82172df641c1b7c5a72bed79ee595d6ed5881337ab996b58fcf04f4e87e720f0,hyperslab-test,14/Sep/2022:18:27:53 +0000,164.107.119.245,arn:aws:iam::286405721330:user/jiang.2091,98BHRFTMZKGHKD9P,REST.GET.OBJECT,chunk_size_16777216.h5/test/268,GET /chunk_size_16777216.h5/test/268 HTTP/1.1,200,-,16777216,16777216,9566,78,-,aws-sdk-cpp/1.9.269 Linux/4.15.0-191-generic x86_64 GCC/6.5.0
82172df641c1b7c5a72bed79ee595d6ed5881337ab996b58fcf04f4e87e720f0,hyperslab-test,14/Sep/2022:18:27:53 +0000,164.107.119.245,arn:aws:iam::286405721330:user/jiang.2091,98BMDFDSBG0K1E49,REST.GET.OBJECT,chunk_size_16777216.h5/test/398,GET /chunk_size_16777216.h5/test/398 HTTP/1.1,200,-,16777216,16777216,12415,104,-,aws-sdk-cpp/1.9.269 Linux/4.15.0-191-generic x86_64 GCC/6.5.0
82172df641c1b7c5a72bed79ee595d6ed5881337ab996b58fcf04f4e87e720f0,hyperslab-test,14/Sep/2022:18:27:53 +0000,164.107.119.245,arn:aws:iam::286405721330:user/jiang.2091,98BP8BZMCJ2Z5AXH,REST.GET.OBJECT,chunk_size_16777216.h5/test/79,GET /chunk_size_16777216.h5/test/79 HTTP/1.1,200,-,16777216,16777216,11064,162,-,aws-sdk-cpp/1.9.269 Linux/4.15.0-191-generic x86_64 GCC/6.5.0
82172df641c1b7c5a72bed79ee595d6ed5881337ab996b58fcf04f4e87e720f0,hyperslab-test,14/Sep/2022:18:27:53 +0000,164.107.119.245,arn:aws:iam::286405721330:user/jiang.2091,98BQ33TQF9P4PA2M,REST.GET.OBJECT,chunk_size_16777216.h5/test/128,GET /chunk_size_16777216.h5/test/128 HTTP/1.1,200,-,16777216,16777216,4644,140,-,aws-sdk-cpp/1.9.269 Linux/4.15.0-191-generic x86_64 GCC/6.5.0
82172df641c1b7c5a72bed79ee595d6ed5881337ab996b58fcf04f4e87e720f0,hyperslab-test,14/Sep/2022:18:27:53 +0000,164.107.119.245,arn:aws:iam::286405721330:user/jiang.2091,98BQZFWP6YQ2G0ZH,REST.GET.OBJECT,chunk_size_16777216.h5/test/194,GET /chunk_size_16777216.h5/test/194 HTTP/1.1,200,-,16777216,16777216,6189,136,-,aws-sdk-cpp/1.9.269 Linux/4.15.0-191-generic x86_64 GCC/6.5.0
82172df641c1b7c5a72bed79ee595d6ed5881337ab996b58fcf04f4e87e720f0,hyperslab-test,14/Sep/2022:18:27:53 +0000,164.107.119.245,arn:aws:iam::286405721330:user/jiang.2091,98BX43BENK9FJW0C,REST.GET.OBJECT,chunk_size_16777216.h5/test/47,GET /chunk_size_16777216.h5/test/47 HTTP/1.1,200,-,16777216,16777216,7162,161,-,aws-sdk-cpp/1.9.269 Linux/4.15.0-191-generic x86_64 GCC/6.5.0
82172df641c1b7c5a72bed79ee595d6ed5881337ab996b58fcf04f4e87e720f0,hyperslab-test,14/Sep/2022:18:27:53 +0000,164.107.119.245,arn:aws:iam::286405721330:user/jiang.2091,98BJ9DCC6YSC13SS,REST.GET.OBJECT,chunk_size_16777216.h5/test/35,GET /chunk_size_16777216.h5/test/35 HTTP/1.1,200,-,16777216,16777216,8691,146,-,aws-sdk-cpp/1.9.269 Linux/4.15.0-191-generic x86_64 GCC/6.5.0
82172df641c1b7c5a72bed79ee595d6ed5881337ab996b58fcf04f4e87e720f0,hyperslab-test,14/Sep/2022:18:27:53 +0000,164.107.119.245,arn:aws:iam::286405721330:user/jiang.2091,98BKJASASNWCX1Z8,REST.GET.OBJECT,chunk_size_16777216.h5/test/71,GET /chunk_size_16777216.h5/test/71 HTTP/1.1,200,-,16777216,16777216,11252,143,-,aws-sdk-cpp/1.9.269 Linux/4.15.0-191-generic x86_64 GCC/6.5.0
82172df641c1b7c5a72bed79ee595d6ed5881337ab996b58fcf04f4e87e720f0,hyperslab-test,14/Sep/2022:18:27:53 +0000,164.107.119.245,arn:aws:iam::286405721330:user/jiang.2091,98BMN9RMNH75HXW4,REST.GET.OBJECT,chunk_size_16777216.h5/test/392,GET /chunk_size_16777216.h5/test/392 HTTP/1.1,200,-,16777216,16777216,12156,72,-,aws-sdk-cpp/1.9.269 Linux/4.15.0-191-generic x86_64 GCC/6.5.0
82172df641c1b7c5a72bed79ee595d6ed5881337ab996b58fcf04f4e87e720f0,hyperslab-test,14/Sep/2022:18:27:53 +0000,164.107.119.245,arn:aws:iam::286405721330:user/jiang.2091,98BP699EY9G01DB2,REST.GET.OBJECT,chunk_size_16777216.h5/test/70,GET /chunk_size_16777216.h5/test/70 HTTP/1.1,200,-,16777216,16777216,7092,100,-,aws-sdk-cpp/1.9.269 Linux/4.15.0-191-generic x86_64 GCC/6.5.0
82172df641c1b7c5a72bed79ee595d6ed5881337ab996b58fcf04f4e87e720f0,hyperslab-test,14/Sep/2022:18:27:53 +0000,164.107.119.245,arn:aws:iam::286405721330:user/jiang.2091,98BPKJEVXXZG56Q4,REST.GET.OBJECT,chunk_size_16777216.h5/test/457,GET /chunk_size_16777216.h5/test/457 HTTP/1.1,200,-,16777216,16777216,9846,105,-,aws-sdk-cpp/1.9.269 Linux/4.15.0-191-generic x86_64 GCC/6.5.0
82172df641c1b7c5a72bed79ee595d6ed5881337ab996b58fcf04f4e87e720f0,hyperslab-test,14/Sep/2022:18:27:53 +0000,164.107.119.245,arn:aws:iam::286405721330:user/jiang.2091,98BQMKG6ZQNH2ZZD,REST.GET.OBJECT,chunk_size_16777216.h5/test/259,GET /chunk_size_16777216.h5/test/259 HTTP/1.1,200,-,16777216,16777216,8638,101,-,aws-sdk-cpp/1.9.269 Linux/4.15.0-191-generic x86_64 GCC/6.5.0
82172df641c1b7c5a72bed79ee595d6ed5881337ab996b58fcf04f4e87e720f0,hyperslab-test,14/Sep/2022:18:27:53 +0000,164.107.119.245,arn:aws:iam::286405721330:user/jiang.2091,98BRG66DS6PRC5G0,REST.GET.OBJECT,chunk_size_16777216.h5/test/320,GET /chunk_size_16777216.h5/test/320 HTTP/1.1,200,-,16777216,16777216,830,69,-,aws-sdk-cpp/1.9.269 Linux/4.15.0-191-generic x86_64 GCC/6.5.0
82172df641c1b7c5a72bed79ee595d6ed5881337ab996b58fcf04f4e87e720f0,hyperslab-test,14/Sep/2022:18:27:53 +0000,164.107.119.245,arn:aws:iam::286405721330:user/jiang.2091,98BSQM9MPKG7GHHK,REST.GET.OBJECT,chunk_size_16777216.h5/test/353,GET /chunk_size_16777216.h5/test/353 HTTP/1.1,200,-,16777216,16777216,2474,123,-,aws-sdk-cpp/1.9.269 Linux/4.15.0-191-generic x86_64 GCC/6.5.0
82172df641c1b7c5a72bed79ee595d6ed5881337ab996b58fcf04f4e87e720f0,hyperslab-test,14/Sep/2022:18:27:53 +0000,164.107.119.245,arn:aws:iam::286405721330:user/jiang.2091,98BT9QCJA867JDRW,REST.GET.OBJECT,chunk_size_16777216.h5/test/76,GET /chunk_size_16777216.h5/test/76 HTTP/1.1,200,-,16777216,16777216,7934,215,-,aws-sdk-cpp/1.9.269 Linux/4.15.0-191-generic x86_64 GCC/6.5.0
82172df641c1b7c5a72bed79ee595d6ed5881337ab996b58fcf04f4e87e720f0,hyperslab-test,14/Sep/2022:18:27:53 +0000,164.107.119.245,arn:aws:iam::286405721330:user/jiang.2091,98BWNWAVJ731Y5A5,REST.GET.OBJECT,chunk_size_16777216.h5/test/174,GET /chunk_size_16777216.h5/test/174 HTTP/1.1,200,-,16777216,16777216,12199,158,-,aws-sdk-cpp/1.9.269 Linux/4.15.0-191-generic x86_64 GCC/6.5.0
82172df641c1b7c5a72bed79ee595d6ed5881337ab996b58fcf04f4e87e720f0,hyperslab-test,14/Sep/2022:18:27:53 +0000,164.107.119.245,arn:aws:iam::286405721330:user/jiang.2091,98BZXT5Z1KKRDTC6,REST.GET.OBJECT,chunk_size_16777216.h5/test/323,GET /chunk_size_16777216.h5/test/323 HTTP/1.1,200,-,16777216,16777216,11573,153,-,aws-sdk-cpp/1.9.269 Linux/4.15.0-191-generic x86_64 GCC/6.5.0
82172df641c1b7c5a72bed79ee595d6ed5881337ab996b58fcf04f4e87e720f0,hyperslab-test,14/Sep/2022:18:27:53 +0000,164.107.119.245,arn:aws:iam::286405721330:user/jiang.2091,98BJK95QR5WMSZQX,REST.GET.OBJECT,chunk_size_16777216.h5/test/459,GET /chunk_size_16777216.h5/test/459 HTTP/1.1,200,-,16777216,16777216,7266,113,-,aws-sdk-cpp/1.9.269 Linux/4.15.0-191-generic x86_64 GCC/6.5.0
82172df641c1b7c5a72bed79ee595d6ed5881337ab996b58fcf04f4e87e720f0,hyperslab-test,14/Sep/2022:18:27:53 +0000,164.107.119.245,arn:aws:iam::286405721330:user/jiang.2091,98BMZ7FJ9R7K7EQ6,REST.GET.OBJECT,chunk_size_16777216.h5/test/292,GET /chunk_size_16777216.h5/test/292 HTTP/1.1,200,-,16777216,16777216,8737,120,-,aws-sdk-cpp/1.9.269 Linux/4.15.0-191-generic x86_64 GCC/6.5.0
82172df641c1b7c5a72bed79ee595d6ed5881337ab996b58fcf04f4e87e720f0,hyperslab-test,14/Sep/2022:18:27:53 +0000,164.107.119.245,arn:aws:iam::286405721330:user/jiang.2091,98BQ51W4K87RWSAY,REST.GET.OBJECT,chunk_size_16777216.h5/test/326,GET /chunk_size_16777216.h5/test/326 HTTP/1.1,200,-,16777216,16777216,19706,105,-,aws-sdk-cpp/1.9.269 Linux/4.15.0-191-generic x86_64 GCC/6.5.0
82172df641c1b7c5a72bed79ee595d6ed5881337ab996b58fcf04f4e87e720f0,hyperslab-test,14/Sep/2022:18:27:53 +0000,164.107.119.245,arn:aws:iam::286405721330:user/jiang.2091,98BS73W0EFX703MC,REST.GET.OBJECT,chunk_size_16777216.h5/test/130,GET /chunk_size_16777216.h5/test/130 HTTP/1.1,200,-,16777216,16777216,14300,149,-,aws-sdk-cpp/1.9.269 Linux/4.15.0-191-generic x86_64 GCC/6.5.0
82172df641c1b7c5a72bed79ee595d6ed5881337ab996b58fcf04f4e87e720f0,hyperslab-test,14/Sep/2022:18:27:53 +0000,164.107.119.245,arn:aws:iam::286405721330:user/jiang.2091,98BW6CRXKNRGPAN9,REST.GET.OBJECT,chunk_size_16777216.h5/test/426,GET /chunk_size_16777216.h5/test/426 HTTP/1.1,200,-,16777216,16777216,9674,123,-,aws-sdk-cpp/1.9.269 Linux/4.15.0-191-generic x86_64 GCC/6.5.0
82172df641c1b7c5a72bed79ee595d6ed5881337ab996b58fcf04f4e87e720f0,hyperslab-test,14/Sep/2022:18:27:53 +0000,164.107.119.245,arn:aws:iam::286405721330:user/jiang.2091,98BW6XNANVQD0JKJ,REST.GET.OBJECT,chunk_size_16777216.h5/test/288,GET /chunk_size_16777216.h5/test/288 HTTP/1.1,200,-,16777216,16777216,5252,105,-,aws-sdk-cpp/1.9.269 Linux/4.15.0-191-generic x86_64 GCC/6.5.0
82172df641c1b7c5a72bed79ee595d6ed5881337ab996b58fcf04f4e87e720f0,hyperslab-test,14/Sep/2022:18:27:53 +0000,164.107.119.245,arn:aws:iam::286405721330:user/jiang.2091,98BXSKC9Y2KH5CWQ,REST.GET.OBJECT,chunk_size_16777216.h5/test/133,GET /chunk_size_16777216.h5/test/133 HTTP/1.1,200,-,16777216,16777216,7002,112,-,aws-sdk-cpp/1.9.269 Linux/4.15.0-191-generic x86_64 GCC/6.5.0
82172df641c1b7c5a72bed79ee595d6ed5881337ab996b58fcf04f4e87e720f0,hyperslab-test,14/Sep/2022:18:27:53 +0000,164.107.119.245,arn:aws:iam::286405721330:user/jiang.2091,98BG41HBRDC6DMFE,REST.GET.OBJECT,chunk_size_16777216.h5/test/386,GET /chunk_size_16777216.h5/test/386 HTTP/1.1,200,-,16777216,16777216,15017,126,-,aws-sdk-cpp/1.9.269 Linux/4.15.0-191-generic x86_64 GCC/6.5.0
82172df641c1b7c5a72bed79ee595d6ed5881337ab996b58fcf04f4e87e720f0,hyperslab-test,14/Sep/2022:18:27:53 +0000,164.107.119.245,arn:aws:iam::286405721330:user/jiang.2091,98BGYNYJ3B9ZZ7KQ,REST.GET.OBJECT,chunk_size_16777216.h5/test/102,GET /chunk_size_16777216.h5/test/102 HTTP/1.1,200,-,16777216,16777216,12316,86,-,aws-sdk-cpp/1.9.269 Linux/4.15.0-191-generic x86_64 GCC/6.5.0
82172df641c1b7c5a72bed79ee595d6ed5881337ab996b58fcf04f4e87e720f0,hyperslab-test,14/Sep/2022:18:27:53 +0000,164.107.119.245,arn:aws:iam::286405721330:user/jiang.2091,98BHTFBY22TN7ZB5,REST.GET.OBJECT,chunk_size_16777216.h5/test/236,GET /chunk_size_16777216.h5/test/236 HTTP/1.1,200,-,16777216,16777216,10413,96,-,aws-sdk-cpp/1.9.269 Linux/4.15.0-191-generic x86_64 GCC/6.5.0
82172df641c1b7c5a72bed79ee595d6ed5881337ab996b58fcf04f4e87e720f0,hyperslab-test,14/Sep/2022:18:27:53 +0000,164.107.119.245,arn:aws:iam::286405721330:user/jiang.2091,98BKXPP1WMD0QSAD,REST.GET.OBJECT,chunk_size_16777216.h5/test/5,GET /chunk_size_16777216.h5/test/5 HTTP/1.1,200,-,16777216,16777216,8891,163,-,aws-sdk-cpp/1.9.269 Linux/4.15.0-191-generic x86_64 GCC/6.5.0
82172df641c1b7c5a72bed79ee595d6ed5881337ab996b58fcf04f4e87e720f0,hyperslab-test,14/Sep/2022:18:27:53 +0000,164.107.119.245,arn:aws:iam::286405721330:user/jiang.2091,98BKY96415QMHC8H,REST.GET.OBJECT,chunk_size_16777216.h5/test/489,GET /chunk_size_16777216.h5/test/489 HTTP/1.1,200,-,16777216,16777216,12880,171,-,aws-sdk-cpp/1.9.269 Linux/4.15.0-191-generic x86_64 GCC/6.5.0
82172df641c1b7c5a72bed79ee595d6ed5881337ab996b58fcf04f4e87e720f0,hyperslab-test,14/Sep/2022:18:27:53 +0000,164.107.119.245,arn:aws:iam::286405721330:user/jiang.2091,98BS8D8HSP8S2PJ8,REST.GET.OBJECT,chunk_size_16777216.h5/test/142,GET /chunk_size_16777216.h5/test/142 HTTP/1.1,200,-,16777216,16777216,11670,129,-,aws-sdk-cpp/1.9.269 Linux/4.15.0-191-generic x86_64 GCC/6.5.0
82172df641c1b7c5a72bed79ee595d6ed5881337ab996b58fcf04f4e87e720f0,hyperslab-test,14/Sep/2022:18:27:53 +0000,164.107.119.245,arn:aws:iam::286405721330:user/jiang.2091,98BTF2E073RTVFDT,REST.GET.OBJECT,chunk_size_16777216.h5/test/164,GET /chunk_size_16777216.h5/test/164 HTTP/1.1,200,-,16777216,16777216,18435,111,-,aws-sdk-cpp/1.9.269 Linux/4.15.0-191-generic x86_64 GCC/6.5.0
82172df641c1b7c5a72bed79ee595d6ed5881337ab996b58fcf04f4e87e720f0,hyperslab-test,14/Sep/2022:18:27:53 +0000,164.107.119.245,arn:aws:iam::286405721330:user/jiang.2091,98BV56JB0CQHHEJ3,REST.GET.OBJECT,chunk_size_16777216.h5/test/331,GET /chunk_size_16777216.h5/test/331 HTTP/1.1,200,-,16777216,16777216,16878,112,-,aws-sdk-cpp/1.9.269 Linux/4.15.0-191-generic x86_64 GCC/6.5.0
82172df641c1b7c5a72bed79ee595d6ed5881337ab996b58fcf04f4e87e720f0,hyperslab-test,14/Sep/2022:18:27:53 +0000,164.107.119.245,arn:aws:iam::286405721330:user/jiang.2091,98BVPFT9744NJDHN,REST.GET.OBJECT,chunk_size_16777216.h5/test/481,GET /chunk_size_16777216.h5/test/481 HTTP/1.1,200,-,16777216,16777216,13443,89,-,aws-sdk-cpp/1.9.269 Linux/4.15.0-191-generic x86_64 GCC/6.5.0
82172df641c1b7c5a72bed79ee595d6ed5881337ab996b58fcf04f4e87e720f0,hyperslab-test,14/Sep/2022:18:27:53 +0000,164.107.119.245,arn:aws:iam::286405721330:user/jiang.2091,98BVTTVPT0VE8TA6,REST.GET.OBJECT,chunk_size_16777216.h5/test/301,GET /chunk_size_16777216.h5/test/301 HTTP/1.1,200,-,16777216,16777216,10756,120,-,aws-sdk-cpp/1.9.269 Linux/4.15.0-191-generic x86_64 GCC/6.5.0
82172df641c1b7c5a72bed79ee595d6ed5881337ab996b58fcf04f4e87e720f0,hyperslab-test,14/Sep/2022:18:27:53 +0000,164.107.119.245,arn:aws:iam::286405721330:user/jiang.2091,98BVZTEQ57X3XGM7,REST.GET.OBJECT,chunk_size_16777216.h5/test/324,GET /chunk_size_16777216.h5/test/324 HTTP/1.1,200,-,16777216,16777216,14639,146,-,aws-sdk-cpp/1.9.269 Linux/4.15.0-191-generic x86_64 GCC/6.5.0
82172df641c1b7c5a72bed79ee595d6ed5881337ab996b58fcf04f4e87e720f0,hyperslab-test,14/Sep/2022:18:27:53 +0000,164.107.119.245,arn:aws:iam::286405721330:user/jiang.2091,98BX9DSB1RTG2QPR,REST.GET.OBJECT,chunk_size_16777216.h5/test/430,GET /chunk_size_16777216.h5/test/430 HTTP/1.1,200,-,16777216,16777216,15549,154,-,aws-sdk-cpp/1.9.269 Linux/4.15.0-191-generic x86_64 GCC/6.5.0
82172df641c1b7c5a72bed79ee595d6ed5881337ab996b58fcf04f4e87e720f0,hyperslab-test,14/Sep/2022:18:27:53 +0000,164.107.119.245,arn:aws:iam::286405721330:user/jiang.2091,98BYDYXD8XAJH6K5,REST.GET.OBJECT,chunk_size_16777216.h5/test/367,GET /chunk_size_16777216.h5/test/367 HTTP/1.1,200,-,16777216,16777216,12901,103,-,aws-sdk-cpp/1.9.269 Linux/4.15.0-191-generic x86_64 GCC/6.5.0
82172df641c1b7c5a72bed79ee595d6ed5881337ab996b58fcf04f4e87e720f0,hyperslab-test,14/Sep/2022:18:27:53 +0000,164.107.119.245,arn:aws:iam::286405721330:user/jiang.2091,98BG6SPEHH06JPKK,REST.GET.OBJECT,chunk_size_16777216.h5/test/225,GET /chunk_size_16777216.h5/test/225 HTTP/1.1,200,-,16777216,16777216,11380,113,-,aws-sdk-cpp/1.9.269 Linux/4.15.0-191-generic x86_64 GCC/6.5.0
82172df641c1b7c5a72bed79ee595d6ed5881337ab996b58fcf04f4e87e720f0,hyperslab-test,14/Sep/2022:18:27:53 +0000,164.107.119.245,arn:aws:iam::286405721330:user/jiang.2091,98BJM81KQZ574RFF,REST.GET.OBJECT,chunk_size_16777216.h5/test/46,GET /chunk_size_16777216.h5/test/46 HTTP/1.1,200,-,16777216,16777216,7670,94,-,aws-sdk-cpp/1.9.269 Linux/4.15.0-191-generic x86_64 GCC/6.5.0
82172df641c1b7c5a72bed79ee595d6ed5881337ab996b58fcf04f4e87e720f0,hyperslab-test,14/Sep/2022:18:27:53 +0000,164.107.119.245,arn:aws:iam::286405721330:user/jiang.2091,98BNYSXK9CDVRG9E,REST.GET.OBJECT,chunk_size_16777216.h5/test/387,GET /chunk_size_16777216.h5/test/387 HTTP/1.1,200,-,16777216,16777216,9436,201,-,aws-sdk-cpp/1.9.269 Linux/4.15.0-191-generic x86_64 GCC/6.5.0
82172df641c1b7c5a72bed79ee595d6ed5881337ab996b58fcf04f4e87e720f0,hyperslab-test,14/Sep/2022:18:27:53 +0000,164.107.119.245,arn:aws:iam::286405721330:user/jiang.2091,98BVRWNVQJHHZFEE,REST.GET.OBJECT,chunk_size_16777216.h5/test/297,GET /chunk_size_16777216.h5/test/297 HTTP/1.1,200,-,16777216,16777216,13510,123,-,aws-sdk-cpp/1.9.269 Linux/4.15.0-191-generic x86_64 GCC/6.5.0
82172df641c1b7c5a72bed79ee595d6ed5881337ab996b58fcf04f4e87e720f0,hyperslab-test,14/Sep/2022:18:27:53 +0000,164.107.119.245,arn:aws:iam::286405721330:user/jiang.2091,98BY87H3HNJ1J7SX,REST.GET.OBJECT,chunk_size_16777216.h5/test/173,GET /chunk_size_16777216.h5/test/173 HTTP/1.1,200,-,16777216,16777216,11090,123,-,aws-sdk-cpp/1.9.269 Linux/4.15.0-191-generic x86_64 GCC/6.5.0
82172df641c1b7c5a72bed79ee595d6ed5881337ab996b58fcf04f4e87e720f0,hyperslab-test,14/Sep/2022:18:27:53 +0000,164.107.119.245,arn:aws:iam::286405721330:user/jiang.2091,98BYZYZ0HE8C9HKH,REST.GET.OBJECT,chunk_size_16777216.h5/test/15,GET /chunk_size_16777216.h5/test/15 HTTP/1.1,200,-,16777216,16777216,10053,144,-,aws-sdk-cpp/1.9.269 Linux/4.15.0-191-generic x86_64 GCC/6.5.0
82172df641c1b7c5a72bed79ee595d6ed5881337ab996b58fcf04f4e87e720f0,hyperslab-test,14/Sep/2022:18:27:53 +0000,164.107.119.245,arn:aws:iam::286405721330:user/jiang.2091,98BHDYQ6K0BXGG76,REST.GET.OBJECT,chunk_size_16777216.h5/test/195,GET /chunk_size_16777216.h5/test/195 HTTP/1.1,200,-,16777216,16777216,4828,103,-,aws-sdk-cpp/1.9.269 Linux/4.15.0-191-generic x86_64 GCC/6.5.0
82172df641c1b7c5a72bed79ee595d6ed5881337ab996b58fcf04f4e87e720f0,hyperslab-test,14/Sep/2022:18:27:53 +0000,164.107.119.245,arn:aws:iam::286405721330:user/jiang.2091,98BHXMN9HRJXRK74,REST.GET.OBJECT,chunk_size_16777216.h5/test/38,GET /chunk_size_16777216.h5/test/38 HTTP/1.1,200,-,16777216,16777216,14831,132,-,aws-sdk-cpp/1.9.269 Linux/4.15.0-191-generic x86_64 GCC/6.5.0
82172df641c1b7c5a72bed79ee595d6ed5881337ab996b58fcf04f4e87e720f0,hyperslab-test,14/Sep/2022:18:27:53 +0000,164.107.119.245,arn:aws:iam::286405721330:user/jiang.2091,98BK1KBBM8VR1MY7,REST.GET.OBJECT,chunk_size_16777216.h5/test/332,GET /chunk_size_16777216.h5/test/332 HTTP/1.1,200,-,16777216,16777216,11593,112,-,aws-sdk-cpp/1.9.269 Linux/4.15.0-191-generic x86_64 GCC/6.5.0
82172df641c1b7c5a72bed79ee595d6ed5881337ab996b58fcf04f4e87e720f0,hyperslab-test,14/Sep/2022:18:27:53 +0000,164.107.119.245,arn:aws:iam::286405721330:user/jiang.2091,98BN84CEY1MV05P0,REST.GET.OBJECT,chunk_size_16777216.h5/test/429,GET /chunk_size_16777216.h5/test/429 HTTP/1.1,200,-,16777216,16777216,10675,139,-,aws-sdk-cpp/1.9.269 Linux/4.15.0-191-generic x86_64 GCC/6.5.0
82172df641c1b7c5a72bed79ee595d6ed5881337ab996b58fcf04f4e87e720f0,hyperslab-test,14/Sep/2022:18:27:53 +0000,164.107.119.245,arn:aws:iam::286405721330:user/jiang.2091,98BNEH73Z1MMRHG8,REST.GET.OBJECT,chunk_size_16777216.h5/test/237,GET /chunk_size_16777216.h5/test/237 HTTP/1.1,200,-,16777216,16777216,12680,197,-,aws-sdk-cpp/1.9.269 Linux/4.15.0-191-generic x86_64 GCC/6.5.0
82172df641c1b7c5a72bed79ee595d6ed5881337ab996b58fcf04f4e87e720f0,hyperslab-test,14/Sep/2022:18:27:53 +0000,164.107.119.245,arn:aws:iam::286405721330:user/jiang.2091,98BQW1Q5CZRR297T,REST.GET.OBJECT,chunk_size_16777216.h5/test/360,GET /chunk_size_16777216.h5/test/360 HTTP/1.1,200,-,16777216,16777216,13409,125,-,aws-sdk-cpp/1.9.269 Linux/4.15.0-191-generic x86_64 GCC/6.5.0
82172df641c1b7c5a72bed79ee595d6ed5881337ab996b58fcf04f4e87e720f0,hyperslab-test,14/Sep/2022:18:27:53 +0000,164.107.119.245,arn:aws:iam::286405721330:user/jiang.2091,98BR4GZY1MRF5ACG,REST.GET.OBJECT,chunk_size_16777216.h5/test/391,GET /chunk_size_16777216.h5/test/391 HTTP/1.1,200,-,16777216,16777216,13677,155,-,aws-sdk-cpp/1.9.269 Linux/4.15.0-191-generic x86_64 GCC/6.5.0
82172df641c1b7c5a72bed79ee595d6ed5881337ab996b58fcf04f4e87e720f0,hyperslab-test,14/Sep/2022:18:27:53 +0000,164.107.119.245,arn:aws:iam::286405721330:user/jiang.2091,98BW85NDATRR3YBM,REST.GET.OBJECT,chunk_size_16777216.h5/test/74,GET /chunk_size_16777216.h5/test/74 HTTP/1.1,200,-,16777216,16777216,10242,108,-,aws-sdk-cpp/1.9.269 Linux/4.15.0-191-generic x86_64 GCC/6.5.0
82172df641c1b7c5a72bed79ee595d6ed5881337ab996b58fcf04f4e87e720f0,hyperslab-test,14/Sep/2022:18:27:53 +0000,164.107.119.245,arn:aws:iam::286405721330:user/jiang.2091,98BWJS7ACRY2GP77,REST.GET.OBJECT,chunk_size_16777216.h5/test/136,GET /chunk_size_16777216.h5/test/136 HTTP/1.1,200,-,16777216,16777216,8083,104,-,aws-sdk-cpp/1.9.269 Linux/4.15.0-191-generic x86_64 GCC/6.5.0
82172df641c1b7c5a72bed79ee595d6ed5881337ab996b58fcf04f4e87e720f0,hyperslab-test,14/Sep/2022:18:27:53 +0000,164.107.119.245,arn:aws:iam::286405721330:user/jiang.2091,98BWZNT0G2WHQQGZ,REST.GET.OBJECT,chunk_size_16777216.h5/test/453,GET /chunk_size_16777216.h5/test/453 HTTP/1.1,200,-,16777216,16777216,11580,149,-,aws-sdk-cpp/1.9.269 Linux/4.15.0-191-generic x86_64 GCC/6.5.0
82172df641c1b7c5a72bed79ee595d6ed5881337ab996b58fcf04f4e87e720f0,hyperslab-test,14/Sep/2022:18:27:53 +0000,164.107.119.245,arn:aws:iam::286405721330:user/jiang.2091,98BYQ1SKVSPWXFX6,REST.GET.OBJECT,chunk_size_16777216.h5/test/239,GET /chunk_size_16777216.h5/test/239 HTTP/1.1,200,-,16777216,16777216,14105,142,-,aws-sdk-cpp/1.9.269 Linux/4.15.0-191-generic x86_64 GCC/6.5.0
82172df641c1b7c5a72bed79ee595d6ed5881337ab996b58fcf04f4e87e720f0,hyperslab-test,14/Sep/2022:18:27:53 +0000,164.107.119.245,arn:aws:iam::286405721330:user/jiang.2091,98BHBDS5THFZ3TCW,REST.GET.OBJECT,chunk_size_16777216.h5/test/235,GET /chunk_size_16777216.h5/test/235 HTTP/1.1,200,-,16777216,16777216,9621,100,-,aws-sdk-cpp/1.9.269 Linux/4.15.0-191-generic x86_64 GCC/6.5.0
82172df641c1b7c5a72bed79ee595d6ed5881337ab996b58fcf04f4e87e720f0,hyperslab-test,14/Sep/2022:18:27:53 +0000,164.107.119.245,arn:aws:iam::286405721330:user/jiang.2091,98BHV6ZTVH15VSV9,REST.GET.OBJECT,chunk_size_16777216.h5/test/98,GET /chunk_size_16777216.h5/test/98 HTTP/1.1,200,-,16777216,16777216,13779,141,-,aws-sdk-cpp/1.9.269 Linux/4.15.0-191-generic x86_64 GCC/6.5.0
82172df641c1b7c5a72bed79ee595d6ed5881337ab996b58fcf04f4e87e720f0,hyperslab-test,14/Sep/2022:18:27:53 +0000,164.107.119.245,arn:aws:iam::286405721330:user/jiang.2091,98BJ0XRPHT1SAA29,REST.GET.OBJECT,chunk_size_16777216.h5/test/37,GET /chunk_size_16777216.h5/test/37 HTTP/1.1,200,-,16777216,16777216,9788,116,-,aws-sdk-cpp/1.9.269 Linux/4.15.0-191-generic x86_64 GCC/6.5.0
82172df641c1b7c5a72bed79ee595d6ed5881337ab996b58fcf04f4e87e720f0,hyperslab-test,14/Sep/2022:18:27:53 +0000,164.107.119.245,arn:aws:iam::286405721330:user/jiang.2091,98BJD2EYZE91A1N0,REST.GET.OBJECT,chunk_size_16777216.h5/test/394,GET /chunk_size_16777216.h5/test/394 HTTP/1.1,200,-,16777216,16777216,15979,172,-,aws-sdk-cpp/1.9.269 Linux/4.15.0-191-generic x86_64 GCC/6.5.0
82172df641c1b7c5a72bed79ee595d6ed5881337ab996b58fcf04f4e87e720f0,hyperslab-test,14/Sep/2022:18:27:53 +0000,164.107.119.245,arn:aws:iam::286405721330:user/jiang.2091,98BJT1XXZXFXD1T3,REST.GET.OBJECT,chunk_size_16777216.h5/test/293,GET /chunk_size_16777216.h5/test/293 HTTP/1.1,200,-,16777216,16777216,10923,120,-,aws-sdk-cpp/1.9.269 Linux/4.15.0-191-generic x86_64 GCC/6.5.0
82172df641c1b7c5a72bed79ee595d6ed5881337ab996b58fcf04f4e87e720f0,hyperslab-test,14/Sep/2022:18:27:53 +0000,164.107.119.245,arn:aws:iam::286405721330:user/jiang.2091,98BJXT1AQX4W6Z96,REST.GET.OBJECT,chunk_size_16777216.h5/test/487,GET /chunk_size_16777216.h5/test/487 HTTP/1.1,200,-,16777216,16777216,7066,138,-,aws-sdk-cpp/1.9.269 Linux/4.15.0-191-generic x86_64 GCC/6.5.0
82172df641c1b7c5a72bed79ee595d6ed5881337ab996b58fcf04f4e87e720f0,hyperslab-test,14/Sep/2022:18:27:53 +0000,164.107.119.245,arn:aws:iam::286405721330:user/jiang.2091,98BKQ6QKEAPFN93D,REST.GET.OBJECT,chunk_size_16777216.h5/test/100,GET /chunk_size_16777216.h5/test/100 HTTP/1.1,200,-,16777216,16777216,12201,127,-,aws-sdk-cpp/1.9.269 Linux/4.15.0-191-generic x86_64 GCC/6.5.0
82172df641c1b7c5a72bed79ee595d6ed5881337ab996b58fcf04f4e87e720f0,hyperslab-test,14/Sep/2022:18:27:53 +0000,164.107.119.245,arn:aws:iam::286405721330:user/jiang.2091,98BKREYT01Z944AZ,REST.GET.OBJECT,chunk_size_16777216.h5/test/366,GET /chunk_size_16777216.h5/test/366 HTTP/1.1,200,-,16777216,16777216,8790,136,-,aws-sdk-cpp/1.9.269 Linux/4.15.0-191-generic x86_64 GCC/6.5.0
82172df641c1b7c5a72bed79ee595d6ed5881337ab996b58fcf04f4e87e720f0,hyperslab-test,14/Sep/2022:18:27:53 +0000,164.107.119.245,arn:aws:iam::286405721330:user/jiang.2091,98BKVYVESTCSMV9M,REST.GET.OBJECT,chunk_size_16777216.h5/test/162,GET /chunk_size_16777216.h5/test/162 HTTP/1.1,200,-,16777216,16777216,10326,161,-,aws-sdk-cpp/1.9.269 Linux/4.15.0-191-generic x86_64 GCC/6.5.0
82172df641c1b7c5a72bed79ee595d6ed5881337ab996b58fcf04f4e87e720f0,hyperslab-test,14/Sep/2022:18:27:53 +0000,164.107.119.245,arn:aws:iam::286405721330:user/jiang.2091,98BMBZ1JAKNZ8D0C,REST.GET.OBJECT,chunk_size_16777216.h5/test/39,GET /chunk_size_16777216.h5/test/39 HTTP/1.1,200,-,16777216,16777216,16868,83,-,aws-sdk-cpp/1.9.269 Linux/4.15.0-191-generic x86_64 GCC/6.5.0
82172df641c1b7c5a72bed79ee595d6ed5881337ab996b58fcf04f4e87e720f0,hyperslab-test,14/Sep/2022:18:27:53 +0000,164.107.119.245,arn:aws:iam::286405721330:user/jiang.2091,98BMWH61JR95Z0NR,REST.GET.OBJECT,chunk_size_16777216.h5/test/431,GET /chunk_size_16777216.h5/test/431 HTTP/1.1,200,-,16777216,16777216,8099,124,-,aws-sdk-cpp/1.9.269 Linux/4.15.0-191-generic x86_64 GCC/6.5.0
82172df641c1b7c5a72bed79ee595d6ed5881337ab996b58fcf04f4e87e720f0,hyperslab-test,14/Sep/2022:18:27:53 +0000,164.107.119.245,arn:aws:iam::286405721330:user/jiang.2091,98BN9VK3V4T6V7RB,REST.GET.OBJECT,chunk_size_16777216.h5/test/493,GET /chunk_size_16777216.h5/test/493 HTTP/1.1,200,-,16777216,16777216,12481,122,-,aws-sdk-cpp/1.9.269 Linux/4.15.0-191-generic x86_64 GCC/6.5.0
82172df641c1b7c5a72bed79ee595d6ed5881337ab996b58fcf04f4e87e720f0,hyperslab-test,14/Sep/2022:18:27:53 +0000,164.107.119.245,arn:aws:iam::286405721330:user/jiang.2091,98BQS4MZCFM0NNPB,REST.GET.OBJECT,chunk_size_16777216.h5/test/490,GET /chunk_size_16777216.h5/test/490 HTTP/1.1,200,-,16777216,16777216,9598,126,-,aws-sdk-cpp/1.9.269 Linux/4.15.0-191-generic x86_64 GCC/6.5.0
82172df641c1b7c5a72bed79ee595d6ed5881337ab996b58fcf04f4e87e720f0,hyperslab-test,14/Sep/2022:18:27:53 +0000,164.107.119.245,arn:aws:iam::286405721330:user/jiang.2091,98BRSDT40Q2QSFV4,REST.GET.OBJECT,chunk_size_16777216.h5/test/258,GET /chunk_size_16777216.h5/test/258 HTTP/1.1,200,-,16777216,16777216,16639,100,-,aws-sdk-cpp/1.9.269 Linux/4.15.0-191-generic x86_64 GCC/6.5.0
82172df641c1b7c5a72bed79ee595d6ed5881337ab996b58fcf04f4e87e720f0,hyperslab-test,14/Sep/2022:18:27:53 +0000,164.107.119.245,arn:aws:iam::286405721330:user/jiang.2091,98BVBX3DFYVVHA5V,REST.GET.OBJECT,chunk_size_16777216.h5/test/265,GET /chunk_size_16777216.h5/test/265 HTTP/1.1,200,-,16777216,16777216,7380,146,-,aws-sdk-cpp/1.9.269 Linux/4.15.0-191-generic x86_64 GCC/6.5.0
82172df641c1b7c5a72bed79ee595d6ed5881337ab996b58fcf04f4e87e720f0,hyperslab-test,14/Sep/2022:18:27:53 +0000,164.107.119.245,arn:aws:iam::286405721330:user/jiang.2091,98BVQ2VCQ9GFYG9E,REST.GET.OBJECT,chunk_size_16777216.h5/test/108,GET /chunk_size_16777216.h5/test/108 HTTP/1.1,200,-,16777216,16777216,6696,173,-,aws-sdk-cpp/1.9.269 Linux/4.15.0-191-generic x86_64 GCC/6.5.0
82172df641c1b7c5a72bed79ee595d6ed5881337ab996b58fcf04f4e87e720f0,hyperslab-test,14/Sep/2022:18:27:53 +0000,164.107.119.245,arn:aws:iam::286405721330:user/jiang.2091,98BW267KZVE8BQYZ,REST.GET.OBJECT,chunk_size_16777216.h5/test/193,GET /chunk_size_16777216.h5/test/193 HTTP/1.1,200,-,16777216,16777216,2681,131,-,aws-sdk-cpp/1.9.269 Linux/4.15.0-191-generic x86_64 GCC/6.5.0
82172df641c1b7c5a72bed79ee595d6ed5881337ab996b58fcf04f4e87e720f0,hyperslab-test,14/Sep/2022:18:27:53 +0000,164.107.119.245,arn:aws:iam::286405721330:user/jiang.2091,98BW473BGJ9P23Z6,REST.GET.OBJECT,chunk_size_16777216.h5/test/3,GET /chunk_size_16777216.h5/test/3 HTTP/1.1,200,-,16777216,16777216,7811,107,-,aws-sdk-cpp/1.9.269 Linux/4.15.0-191-generic x86_64 GCC/6.5.0
82172df641c1b7c5a72bed79ee595d6ed5881337ab996b58fcf04f4e87e720f0,hyperslab-test,14/Sep/2022:18:27:52 +0000,164.107.119.245,arn:aws:iam::286405721330:user/jiang.2091,79KA59ZKMYQJES71,REST.GET.OBJECT,chunk_size_16777216.h5/test/meta,GET /chunk_size_16777216.h5/test/meta HTTP/1.1,200,-,4183,4183,71,70,-,aws-sdk-cpp/1.9.269 Linux/4.15.0-191-generic x86_64 GCC/6.5.0
82172df641c1b7c5a72bed79ee595d6ed5881337ab996b58fcf04f4e87e720f0,hyperslab-test,14/Sep/2022:18:27:53 +0000,164.107.119.245,arn:aws:iam::286405721330:user/jiang.2091,98BHBKGSWGZ2QMBV,REST.GET.OBJECT,chunk_size_16777216.h5/test/132,GET /chunk_size_16777216.h5/test/132 HTTP/1.1,200,-,16777216,16777216,18767,159,-,aws-sdk-cpp/1.9.269 Linux/4.15.0-191-generic x86_64 GCC/6.5.0
82172df641c1b7c5a72bed79ee595d6ed5881337ab996b58fcf04f4e87e720f0,hyperslab-test,14/Sep/2022:18:27:53 +0000,164.107.119.245,arn:aws:iam::286405721330:user/jiang.2091,98BHF56E3SATEJVG,REST.GET.OBJECT,chunk_size_16777216.h5/test/355,GET /chunk_size_16777216.h5/test/355 HTTP/1.1,200,-,16777216,16777216,7899,109,-,aws-sdk-cpp/1.9.269 Linux/4.15.0-191-generic x86_64 GCC/6.5.0
82172df641c1b7c5a72bed79ee595d6ed5881337ab996b58fcf04f4e87e720f0,hyperslab-test,14/Sep/2022:18:27:53 +0000,164.107.119.245,arn:aws:iam::286405721330:user/jiang.2091,98BHHKARYME5SC9M,REST.GET.OBJECT,chunk_size_16777216.h5/test/77,GET /chunk_size_16777216.h5/test/77 HTTP/1.1,200,-,16777216,16777216,9947,128,-,aws-sdk-cpp/1.9.269 Linux/4.15.0-191-generic x86_64 GCC/6.5.0
82172df641c1b7c5a72bed79ee595d6ed5881337ab996b58fcf04f4e87e720f0,hyperslab-test,14/Sep/2022:18:27:53 +0000,164.107.119.245,arn:aws:iam::286405721330:user/jiang.2091,98BJ6WSBKSBTM9AV,REST.GET.OBJECT,chunk_size_16777216.h5/test/298,GET /chunk_size_16777216.h5/test/298 HTTP/1.1,200,-,16777216,16777216,12387,122,-,aws-sdk-cpp/1.9.269 Linux/4.15.0-191-generic x86_64 GCC/6.5.0
82172df641c1b7c5a72bed79ee595d6ed5881337ab996b58fcf04f4e87e720f0,hyperslab-test,14/Sep/2022:18:27:53 +0000,164.107.119.245,arn:aws:iam::286405721330:user/jiang.2091,98BKEFJYQQG1Y3KJ,REST.GET.OBJECT,chunk_size_16777216.h5/test/420,GET /chunk_size_16777216.h5/test/420 HTTP/1.1,200,-,16777216,16777216,14989,115,-,aws-sdk-cpp/1.9.269 Linux/4.15.0-191-generic x86_64 GCC/6.5.0
82172df641c1b7c5a72bed79ee595d6ed5881337ab996b58fcf04f4e87e720f0,hyperslab-test,14/Sep/2022:18:27:53 +0000,164.107.119.245,arn:aws:iam::286405721330:user/jiang.2091,98BN0AXY3DY7ZT3D,REST.GET.OBJECT,chunk_size_16777216.h5/test/363,GET /chunk_size_16777216.h5/test/363 HTTP/1.1,200,-,16777216,16777216,13732,135,-,aws-sdk-cpp/1.9.269 Linux/4.15.0-191-generic x86_64 GCC/6.5.0
82172df641c1b7c5a72bed79ee595d6ed5881337ab996b58fcf04f4e87e720f0,hyperslab-test,14/Sep/2022:18:27:54 +0000,164.107.119.245,arn:aws:iam::286405721330:user/jiang.2091,4T21GE9VEN5P0HSE,REST.GET.OBJECT,chunk_size_16777216.h5/test/260,GET /chunk_size_16777216.h5/test/260 HTTP/1.1,200,-,16777216,16777216,14132,100,-,aws-sdk-cpp/1.9.269 Linux/4.15.0-191-generic x86_64 GCC/6.5.0
82172df641c1b7c5a72bed79ee595d6ed5881337ab996b58fcf04f4e87e720f0,hyperslab-test,14/Sep/2022:18:27:53 +0000,164.107.119.245,arn:aws:iam::286405721330:user/jiang.2091,98BH3ESC0FTHHRC1,REST.GET.OBJECT,chunk_size_16777216.h5/test/290,GET /chunk_size_16777216.h5/test/290 HTTP/1.1,200,-,16777216,16777216,10313,98,-,aws-sdk-cpp/1.9.269 Linux/4.15.0-191-generic x86_64 GCC/6.5.0
82172df641c1b7c5a72bed79ee595d6ed5881337ab996b58fcf04f4e87e720f0,hyperslab-test,14/Sep/2022:18:27:53 +0000,164.107.119.245,arn:aws:iam::286405721330:user/jiang.2091,98BHCXWRX5G09HGK,REST.GET.OBJECT,chunk_size_16777216.h5/test/106,GET /chunk_size_16777216.h5/test/106 HTTP/1.1,200,-,16777216,16777216,11194,104,-,aws-sdk-cpp/1.9.269 Linux/4.15.0-191-generic x86_64 GCC/6.5.0
82172df641c1b7c5a72bed79ee595d6ed5881337ab996b58fcf04f4e87e720f0,hyperslab-test,14/Sep/2022:18:27:53 +0000,164.107.119.245,arn:aws:iam::286405721330:user/jiang.2091,98BK0GQFJ77NE0XR,REST.GET.OBJECT,chunk_size_16777216.h5/test/227,GET /chunk_size_16777216.h5/test/227 HTTP/1.1,200,-,16777216,16777216,6882,141,-,aws-sdk-cpp/1.9.269 Linux/4.15.0-191-generic x86_64 GCC/6.5.0
82172df641c1b7c5a72bed79ee595d6ed5881337ab996b58fcf04f4e87e720f0,hyperslab-test,14/Sep/2022:18:27:53 +0000,164.107.119.245,arn:aws:iam::286405721330:user/jiang.2091,98BM3W2GPYNGG4K8,REST.GET.OBJECT,chunk_size_16777216.h5/test/321,GET /chunk_size_16777216.h5/test/321 HTTP/1.1,200,-,16777216,16777216,13885,192,-,aws-sdk-cpp/1.9.269 Linux/4.15.0-191-generic x86_64 GCC/6.5.0
82172df641c1b7c5a72bed79ee595d6ed5881337ab996b58fcf04f4e87e720f0,hyperslab-test,14/Sep/2022:18:27:53 +0000,164.107.119.245,arn:aws:iam::286405721330:user/jiang.2091,98BMHRKDZHXP3E5Y,REST.GET.OBJECT,chunk_size_16777216.h5/test/172,GET /chunk_size_16777216.h5/test/172 HTTP/1.1,200,-,16777216,16777216,15056,117,-,aws-sdk-cpp/1.9.269 Linux/4.15.0-191-generic x86_64 GCC/6.5.0
82172df641c1b7c5a72bed79ee595d6ed5881337ab996b58fcf04f4e87e720f0,hyperslab-test,14/Sep/2022:18:27:53 +0000,164.107.119.245,arn:aws:iam::286405721330:user/jiang.2091,98BNJSEF5SG23JVH,REST.GET.OBJECT,chunk_size_16777216.h5/test/231,GET /chunk_size_16777216.h5/test/231 HTTP/1.1,200,-,16777216,16777216,6607,92,-,aws-sdk-cpp/1.9.269 Linux/4.15.0-191-generic x86_64 GCC/6.5.0
82172df641c1b7c5a72bed79ee595d6ed5881337ab996b58fcf04f4e87e720f0,hyperslab-test,14/Sep/2022:18:27:53 +0000,164.107.119.245,arn:aws:iam::286405721330:user/jiang.2091,98BPZ06J6C3CGT4T,REST.GET.OBJECT,chunk_size_16777216.h5/test/40,GET /chunk_size_16777216.h5/test/40 HTTP/1.1,200,-,16777216,16777216,6759,108,-,aws-sdk-cpp/1.9.269 Linux/4.15.0-191-generic x86_64 GCC/6.5.0
82172df641c1b7c5a72bed79ee595d6ed5881337ab996b58fcf04f4e87e720f0,hyperslab-test,14/Sep/2022:18:27:53 +0000,164.107.119.245,arn:aws:iam::286405721330:user/jiang.2091,98BPZCMQ26KMKF4J,REST.GET.OBJECT,chunk_size_16777216.h5/test/452,GET /chunk_size_16777216.h5/test/452 HTTP/1.1,200,-,16777216,16777216,6754,123,-,aws-sdk-cpp/1.9.269 Linux/4.15.0-191-generic x86_64 GCC/6.5.0
82172df641c1b7c5a72bed79ee595d6ed5881337ab996b58fcf04f4e87e720f0,hyperslab-test,14/Sep/2022:18:27:53 +0000,164.107.119.245,arn:aws:iam::286405721330:user/jiang.2091,98BQ1BZ88MCDMG5M,REST.GET.OBJECT,chunk_size_16777216.h5/test/69,GET /chunk_size_16777216.h5/test/69 HTTP/1.1,200,-,16777216,16777216,8922,97,-,aws-sdk-cpp/1.9.269 Linux/4.15.0-191-generic x86_64 GCC/6.5.0
82172df641c1b7c5a72bed79ee595d6ed5881337ab996b58fcf04f4e87e720f0,hyperslab-test,14/Sep/2022:18:27:53 +0000,164.107.119.245,arn:aws:iam::286405721330:user/jiang.2091,98BRVWSNBF5CP4V8,REST.GET.OBJECT,chunk_size_16777216.h5/test/494,GET /chunk_size_16777216.h5/test/494 HTTP/1.1,200,-,16777216,16777216,8447,102,-,aws-sdk-cpp/1.9.269 Linux/4.15.0-191-generic x86_64 GCC/6.5.0
82172df641c1b7c5a72bed79ee595d6ed5881337ab996b58fcf04f4e87e720f0,hyperslab-test,14/Sep/2022:18:27:53 +0000,164.107.119.245,arn:aws:iam::286405721330:user/jiang.2091,98BTQCA4XRA3N67R,REST.GET.OBJECT,chunk_size_16777216.h5/test/416,GET /chunk_size_16777216.h5/test/416 HTTP/1.1,200,-,16777216,16777216,12905,105,-,aws-sdk-cpp/1.9.269 Linux/4.15.0-191-generic x86_64 GCC/6.5.0
82172df641c1b7c5a72bed79ee595d6ed5881337ab996b58fcf04f4e87e720f0,hyperslab-test,14/Sep/2022:18:27:53 +0000,164.107.119.245,arn:aws:iam::286405721330:user/jiang.2091,98BWCCVSK6KM2R0Q,REST.GET.OBJECT,chunk_size_16777216.h5/test/461,GET /chunk_size_16777216.h5/test/461 HTTP/1.1,200,-,16777216,16777216,7686,165,-,aws-sdk-cpp/1.9.269 Linux/4.15.0-191-generic x86_64 GCC/6.5.0
82172df641c1b7c5a72bed79ee595d6ed5881337ab996b58fcf04f4e87e720f0,hyperslab-test,14/Sep/2022:18:27:53 +0000,164.107.119.245,arn:aws:iam::286405721330:user/jiang.2091,98BWDMVR2B8ZRRAG,REST.GET.OBJECT,chunk_size_16777216.h5/test/295,GET /chunk_size_16777216.h5/test/295 HTTP/1.1,200,-,16777216,16777216,6460,150,-,aws-sdk-cpp/1.9.269 Linux/4.15.0-191-generic x86_64 GCC/6.5.0
82172df641c1b7c5a72bed79ee595d6ed5881337ab996b58fcf04f4e87e720f0,hyperslab-test,14/Sep/2022:18:27:53 +0000,164.107.119.245,arn:aws:iam::286405721330:user/jiang.2091,98BWGF6RJQAJVHMR,REST.GET.OBJECT,chunk_size_16777216.h5/test/97,GET /chunk_size_16777216.h5/test/97 HTTP/1.1,200,-,16777216,16777216,11781,95,-,aws-sdk-cpp/1.9.269 Linux/4.15.0-191-generic x86_64 GCC/6.5.0
82172df641c1b7c5a72bed79ee595d6ed5881337ab996b58fcf04f4e87e720f0,hyperslab-test,14/Sep/2022:18:27:53 +0000,164.107.119.245,arn:aws:iam::286405721330:user/jiang.2091,98BXDZP48M3S7B41,REST.GET.OBJECT,chunk_size_16777216.h5/test/44,GET /chunk_size_16777216.h5/test/44 HTTP/1.1,200,-,16777216,16777216,9926,193,-,aws-sdk-cpp/1.9.269 Linux/4.15.0-191-generic x86_64 GCC/6.5.0
82172df641c1b7c5a72bed79ee595d6ed5881337ab996b58fcf04f4e87e720f0,hyperslab-test,14/Sep/2022:18:27:53 +0000,164.107.119.245,arn:aws:iam::286405721330:user/jiang.2091,98BG4Z4GHQGWNSY8,REST.GET.OBJECT,chunk_size_16777216.h5/test/264,GET /chunk_size_16777216.h5/test/264 HTTP/1.1,200,-,16777216,16777216,4871,125,-,aws-sdk-cpp/1.9.269 Linux/4.15.0-191-generic x86_64 GCC/6.5.0
82172df641c1b7c5a72bed79ee595d6ed5881337ab996b58fcf04f4e87e720f0,hyperslab-test,14/Sep/2022:18:27:53 +0000,164.107.119.245,arn:aws:iam::286405721330:user/jiang.2091,98BHGWTX5908TNAR,REST.GET.OBJECT,chunk_size_16777216.h5/test/484,GET /chunk_size_16777216.h5/test/484 HTTP/1.1,200,-,16777216,16777216,5985,86,-,aws-sdk-cpp/1.9.269 Linux/4.15.0-191-generic x86_64 GCC/6.5.0
82172df641c1b7c5a72bed79ee595d6ed5881337ab996b58fcf04f4e87e720f0,hyperslab-test,14/Sep/2022:18:27:53 +0000,164.107.119.245,arn:aws:iam::286405721330:user/jiang.2091,98BJW4W01QW4XQXA,REST.GET.OBJECT,chunk_size_16777216.h5/test/65,GET /chunk_size_16777216.h5/test/65 HTTP/1.1,200,-,16777216,16777216,710,142,-,aws-sdk-cpp/1.9.269 Linux/4.15.0-191-generic x86_64 GCC/6.5.0
82172df641c1b7c5a72bed79ee595d6ed5881337ab996b58fcf04f4e87e720f0,hyperslab-test,14/Sep/2022:18:27:53 +0000,164.107.119.245,arn:aws:iam::286405721330:user/jiang.2091,98BKW0Y95GZ9320C,REST.GET.OBJECT,chunk_size_16777216.h5/test/101,GET /chunk_size_16777216.h5/test/101 HTTP/1.1,200,-,16777216,16777216,9012,130,-,aws-sdk-cpp/1.9.269 Linux/4.15.0-191-generic x86_64 GCC/6.5.0
82172df641c1b7c5a72bed79ee595d6ed5881337ab996b58fcf04f4e87e720f0,hyperslab-test,14/Sep/2022:18:27:53 +0000,164.107.119.245,arn:aws:iam::286405721330:user/jiang.2091,98BM7AFXQDEHD1KQ,REST.GET.OBJECT,chunk_size_16777216.h5/test/269,GET /chunk_size_16777216.h5/test/269 HTTP/1.1,200,-,16777216,16777216,8623,184,-,aws-sdk-cpp/1.9.269 Linux/4.15.0-191-generic x86_64 GCC/6.5.0
82172df641c1b7c5a72bed79ee595d6ed5881337ab996b58fcf04f4e87e720f0,hyperslab-test,14/Sep/2022:18:27:53 +0000,164.107.119.245,arn:aws:iam::286405721330:user/jiang.2091,98BPENFWBV81263W,REST.GET.OBJECT,chunk_size_16777216.h5/test/42,GET /chunk_size_16777216.h5/test/42 HTTP/1.1,200,-,16777216,16777216,7752,121,-,aws-sdk-cpp/1.9.269 Linux/4.15.0-191-generic x86_64 GCC/6.5.0
82172df641c1b7c5a72bed79ee595d6ed5881337ab996b58fcf04f4e87e720f0,hyperslab-test,14/Sep/2022:18:27:53 +0000,164.107.119.245,arn:aws:iam::286405721330:user/jiang.2091,98BQJWPZZQXJKJM8,REST.GET.OBJECT,chunk_size_16777216.h5/test/483,GET /chunk_size_16777216.h5/test/483 HTTP/1.1,200,-,16777216,16777216,10543,156,-,aws-sdk-cpp/1.9.269 Linux/4.15.0-191-generic x86_64 GCC/6.5.0
82172df641c1b7c5a72bed79ee595d6ed5881337ab996b58fcf04f4e87e720f0,hyperslab-test,14/Sep/2022:18:27:53 +0000,164.107.119.245,arn:aws:iam::286405721330:user/jiang.2091,98BR0NAB8T6G90FH,REST.GET.OBJECT,chunk_size_16777216.h5/test/170,GET /chunk_size_16777216.h5/test/170 HTTP/1.1,200,-,16777216,16777216,13469,77,-,aws-sdk-cpp/1.9.269 Linux/4.15.0-191-generic x86_64 GCC/6.5.0
82172df641c1b7c5a72bed79ee595d6ed5881337ab996b58fcf04f4e87e720f0,hyperslab-test,14/Sep/2022:18:27:53 +0000,164.107.119.245,arn:aws:iam::286405721330:user/jiang.2091,98BSWX8EEJ5XHG9Q,REST.GET.OBJECT,chunk_size_16777216.h5/test/161,GET /chunk_size_16777216.h5/test/161 HTTP/1.1,200,-,16777216,16777216,7727,134,-,aws-sdk-cpp/1.9.269 Linux/4.15.0-191-generic x86_64 GCC/6.5.0
82172df641c1b7c5a72bed79ee595d6ed5881337ab996b58fcf04f4e87e720f0,hyperslab-test,14/Sep/2022:18:27:53 +0000,164.107.119.245,arn:aws:iam::286405721330:user/jiang.2091,98BTY8ZTSETPB13B,REST.GET.OBJECT,chunk_size_16777216.h5/test/322,GET /chunk_size_16777216.h5/test/322 HTTP/1.1,200,-,16777216,16777216,10146,109,-,aws-sdk-cpp/1.9.269 Linux/4.15.0-191-generic x86_64 GCC/6.5.0
82172df641c1b7c5a72bed79ee595d6ed5881337ab996b58fcf04f4e87e720f0,hyperslab-test,14/Sep/2022:18:27:53 +0000,164.107.119.245,arn:aws:iam::286405721330:user/jiang.2091,98BVTCMXYC1FM8FJ,REST.GET.OBJECT,chunk_size_16777216.h5/test/131,GET /chunk_size_16777216.h5/test/131 HTTP/1.1,200,-,16777216,16777216,15456,138,-,aws-sdk-cpp/1.9.269 Linux/4.15.0-191-generic x86_64 GCC/6.5.0
82172df641c1b7c5a72bed79ee595d6ed5881337ab996b58fcf04f4e87e720f0,hyperslab-test,14/Sep/2022:18:27:53 +0000,164.107.119.245,arn:aws:iam::286405721330:user/jiang.2091,98BWHR6T07CY1VQP,REST.GET.OBJECT,chunk_size_16777216.h5/test/9,GET /chunk_size_16777216.h5/test/9 HTTP/1.1,200,-,16777216,16777216,19758,93,-,aws-sdk-cpp/1.9.269 Linux/4.15.0-191-generic x86_64 GCC/6.5.0
82172df641c1b7c5a72bed79ee595d6ed5881337ab996b58fcf04f4e87e720f0,hyperslab-test,14/Sep/2022:18:27:53 +0000,164.107.119.245,arn:aws:iam::286405721330:user/jiang.2091,98BG0ZSVM91G3593,REST.GET.OBJECT,chunk_size_16777216.h5/test/12,GET /chunk_size_16777216.h5/test/12 HTTP/1.1,200,-,16777216,16777216,17595,97,-,aws-sdk-cpp/1.9.269 Linux/4.15.0-191-generic x86_64 GCC/6.5.0
82172df641c1b7c5a72bed79ee595d6ed5881337ab996b58fcf04f4e87e720f0,hyperslab-test,14/Sep/2022:18:27:53 +0000,164.107.119.245,arn:aws:iam::286405721330:user/jiang.2091,98BG65VCPFJW0MHQ,REST.GET.OBJECT,chunk_size_16777216.h5/test/14,GET /chunk_size_16777216.h5/test/14 HTTP/1.1,200,-,16777216,16777216,11557,125,-,aws-sdk-cpp/1.9.269 Linux/4.15.0-191-generic x86_64 GCC/6.5.0
82172df641c1b7c5a72bed79ee595d6ed5881337ab996b58fcf04f4e87e720f0,hyperslab-test,14/Sep/2022:18:27:53 +0000,164.107.119.245,arn:aws:iam::286405721330:user/jiang.2091,98BK1K26BS0CWC8Y,REST.GET.OBJECT,chunk_size_16777216.h5/test/389,GET /chunk_size_16777216.h5/test/389 HTTP/1.1,200,-,16777216,16777216,14167,91,-,aws-sdk-cpp/1.9.269 Linux/4.15.0-191-generic x86_64 GCC/6.5.0
82172df641c1b7c5a72bed79ee595d6ed5881337ab996b58fcf04f4e87e720f0,hyperslab-test,14/Sep/2022:18:27:53 +0000,164.107.119.245,arn:aws:iam::286405721330:user/jiang.2091,98BKJ5BPRHSGCGEP,REST.GET.OBJECT,chunk_size_16777216.h5/test/103,GET /chunk_size_16777216.h5/test/103 HTTP/1.1,200,-,16777216,16777216,7079,136,-,aws-sdk-cpp/1.9.269 Linux/4.15.0-191-generic x86_64 GCC/6.5.0
82172df641c1b7c5a72bed79ee595d6ed5881337ab996b58fcf04f4e87e720f0,hyperslab-test,14/Sep/2022:18:27:53 +0000,164.107.119.245,arn:aws:iam::286405721330:user/jiang.2091,98BKJB1NNY78MCJ1,REST.GET.OBJECT,chunk_size_16777216.h5/test/450,GET /chunk_size_16777216.h5/test/450 HTTP/1.1,200,-,16777216,16777216,10594,170,-,aws-sdk-cpp/1.9.269 Linux/4.15.0-191-generic x86_64 GCC/6.5.0
82172df641c1b7c5a72bed79ee595d6ed5881337ab996b58fcf04f4e87e720f0,hyperslab-test,14/Sep/2022:18:27:53 +0000,164.107.119.245,arn:aws:iam::286405721330:user/jiang.2091,98BN34S97WDX4JZX,REST.GET.OBJECT,chunk_size_16777216.h5/test/226,GET /chunk_size_16777216.h5/test/226 HTTP/1.1,200,-,16777216,16777216,8203,125,-,aws-sdk-cpp/1.9.269 Linux/4.15.0-191-generic x86_64 GCC/6.5.0
82172df641c1b7c5a72bed79ee595d6ed5881337ab996b58fcf04f4e87e720f0,hyperslab-test,14/Sep/2022:18:27:53 +0000,164.107.119.245,arn:aws:iam::286405721330:user/jiang.2091,98BNC5GPMMKM8EXC,REST.GET.OBJECT,chunk_size_16777216.h5/test/238,GET /chunk_size_16777216.h5/test/238 HTTP/1.1,200,-,16777216,16777216,7259,81,-,aws-sdk-cpp/1.9.269 Linux/4.15.0-191-generic x86_64 GCC/6.5.0
82172df641c1b7c5a72bed79ee595d6ed5881337ab996b58fcf04f4e87e720f0,hyperslab-test,14/Sep/2022:18:27:53 +0000,164.107.119.245,arn:aws:iam::286405721330:user/jiang.2091,98BQF24EDKWTQGTX,REST.GET.OBJECT,chunk_size_16777216.h5/test/271,GET /chunk_size_16777216.h5/test/271 HTTP/1.1,200,-,16777216,16777216,10533,116,-,aws-sdk-cpp/1.9.269 Linux/4.15.0-191-generic x86_64 GCC/6.5.0
82172df641c1b7c5a72bed79ee595d6ed5881337ab996b58fcf04f4e87e720f0,hyperslab-test,14/Sep/2022:18:27:53 +0000,164.107.119.245,arn:aws:iam::286405721330:user/jiang.2091,98BR4C8QG2EAJJEN,REST.GET.OBJECT,chunk_size_16777216.h5/test/448,GET /chunk_size_16777216.h5/test/448 HTTP/1.1,200,-,16777216,16777216,9088,96,-,aws-sdk-cpp/1.9.269 Linux/4.15.0-191-generic x86_64 GCC/6.5.0
82172df641c1b7c5a72bed79ee595d6ed5881337ab996b58fcf04f4e87e720f0,hyperslab-test,14/Sep/2022:18:27:53 +0000,164.107.119.245,arn:aws:iam::286405721330:user/jiang.2091,98BS66S8HAZPX85V,REST.GET.OBJECT,chunk_size_16777216.h5/test/192,GET /chunk_size_16777216.h5/test/192 HTTP/1.1,200,-,16777216,16777216,6718,172,-,aws-sdk-cpp/1.9.269 Linux/4.15.0-191-generic x86_64 GCC/6.5.0
82172df641c1b7c5a72bed79ee595d6ed5881337ab996b58fcf04f4e87e720f0,hyperslab-test,14/Sep/2022:18:27:53 +0000,164.107.119.245,arn:aws:iam::286405721330:user/jiang.2091,98BXX8TP2GGBBX45,REST.GET.OBJECT,chunk_size_16777216.h5/test/303,GET /chunk_size_16777216.h5/test/303 HTTP/1.1,200,-,16777216,16777216,16967,203,-,aws-sdk-cpp/1.9.269 Linux/4.15.0-191-generic x86_64 GCC/6.5.0
82172df641c1b7c5a72bed79ee595d6ed5881337ab996b58fcf04f4e87e720f0,hyperslab-test,14/Sep/2022:18:27:53 +0000,164.107.119.245,arn:aws:iam::286405721330:user/jiang.2091,98BYN6KBN5QY17R6,REST.GET.OBJECT,chunk_size_16777216.h5/test/462,GET /chunk_size_16777216.h5/test/462 HTTP/1.1,200,-,16777216,16777216,12038,114,-,aws-sdk-cpp/1.9.269 Linux/4.15.0-191-generic x86_64 GCC/6.5.0
82172df641c1b7c5a72bed79ee595d6ed5881337ab996b58fcf04f4e87e720f0,hyperslab-test,14/Sep/2022:18:27:53 +0000,164.107.119.245,arn:aws:iam::286405721330:user/jiang.2091,98BZKE7VM06C6SSH,REST.GET.OBJECT,chunk_size_16777216.h5/test/4,GET /chunk_size_16777216.h5/test/4 HTTP/1.1,200,-,16777216,16777216,8040,93,-,aws-sdk-cpp/1.9.269 Linux/4.15.0-191-generic x86_64 GCC/6.5.0
82172df641c1b7c5a72bed79ee595d6ed5881337ab996b58fcf04f4e87e720f0,hyperslab-test,14/Sep/2022:18:27:53 +0000,164.107.119.245,arn:aws:iam::286405721330:user/jiang.2091,98BGM7PH10ZHF2QP,REST.GET.OBJECT,chunk_size_16777216.h5/test/359,GET /chunk_size_16777216.h5/test/359 HTTP/1.1,200,-,16777216,16777216,12644,178,-,aws-sdk-cpp/1.9.269 Linux/4.15.0-191-generic x86_64 GCC/6.5.0
82172df641c1b7c5a72bed79ee595d6ed5881337ab996b58fcf04f4e87e720f0,hyperslab-test,14/Sep/2022:18:27:53 +0000,164.107.119.245,arn:aws:iam::286405721330:user/jiang.2091,98BGVPS2XKXPS9TW,REST.GET.OBJECT,chunk_size_16777216.h5/test/234,GET /chunk_size_16777216.h5/test/234 HTTP/1.1,200,-,16777216,16777216,12952,141,-,aws-sdk-cpp/1.9.269 Linux/4.15.0-191-generic x86_64 GCC/6.5.0
82172df641c1b7c5a72bed79ee595d6ed5881337ab996b58fcf04f4e87e720f0,hyperslab-test,14/Sep/2022:18:27:53 +0000,164.107.119.245,arn:aws:iam::286405721330:user/jiang.2091,98BHK1TH1GRTFV44,REST.GET.OBJECT,chunk_size_16777216.h5/test/333,GET /chunk_size_16777216.h5/test/333 HTTP/1.1,200,-,16777216,16777216,12445,148,-,aws-sdk-cpp/1.9.269 Linux/4.15.0-191-generic x86_64 GCC/6.5.0
82172df641c1b7c5a72bed79ee595d6ed5881337ab996b58fcf04f4e87e720f0,hyperslab-test,14/Sep/2022:18:27:53 +0000,164.107.119.245,arn:aws:iam::286405721330:user/jiang.2091,98BHP2S5MJESEM1Y,REST.GET.OBJECT,chunk_size_16777216.h5/test/198,GET /chunk_size_16777216.h5/test/198 HTTP/1.1,200,-,16777216,16777216,5958,159,-,aws-sdk-cpp/1.9.269 Linux/4.15.0-191-generic x86_64 GCC/6.5.0
82172df641c1b7c5a72bed79ee595d6ed5881337ab996b58fcf04f4e87e720f0,hyperslab-test,14/Sep/2022:18:27:53 +0000,164.107.119.245,arn:aws:iam::286405721330:user/jiang.2091,98BJRBF73NHS5ZC8,REST.GET.OBJECT,chunk_size_16777216.h5/test/107,GET /chunk_size_16777216.h5/test/107 HTTP/1.1,200,-,16777216,16777216,6384,89,-,aws-sdk-cpp/1.9.269 Linux/4.15.0-191-generic x86_64 GCC/6.5.0
82172df641c1b7c5a72bed79ee595d6ed5881337ab996b58fcf04f4e87e720f0,hyperslab-test,14/Sep/2022:18:27:53 +0000,164.107.119.245,arn:aws:iam::286405721330:user/jiang.2091,98BKP9K4AZTJYS7M,REST.GET.OBJECT,chunk_size_16777216.h5/test/393,GET /chunk_size_16777216.h5/test/393 HTTP/1.1,200,-,16777216,16777216,9185,125,-,aws-sdk-cpp/1.9.269 Linux/4.15.0-191-generic x86_64 GCC/6.5.0
82172df641c1b7c5a72bed79ee595d6ed5881337ab996b58fcf04f4e87e720f0,hyperslab-test,14/Sep/2022:18:27:53 +0000,164.107.119.245,arn:aws:iam::286405721330:user/jiang.2091,98BM2D8V840D3XWD,REST.GET.OBJECT,chunk_size_16777216.h5/test/256,GET /chunk_size_16777216.h5/test/256 HTTP/1.1,200,-,16777216,16777216,16788,133,-,aws-sdk-cpp/1.9.269 Linux/4.15.0-191-generic x86_64 GCC/6.5.0
82172df641c1b7c5a72bed79ee595d6ed5881337ab996b58fcf04f4e87e720f0,hyperslab-test,14/Sep/2022:18:27:53 +0000,164.107.119.245,arn:aws:iam::286405721330:user/jiang.2091,98BMGXT0KNE3S15H,REST.GET.OBJECT,chunk_size_16777216.h5/test/11,GET /chunk_size_16777216.h5/test/11 HTTP/1.1,200,-,16777216,16777216,7421,116,-,aws-sdk-cpp/1.9.269 Linux/4.15.0-191-generic x86_64 GCC/6.5.0
82172df641c1b7c5a72bed79ee595d6ed5881337ab996b58fcf04f4e87e720f0,hyperslab-test,14/Sep/2022:18:27:53 +0000,164.107.119.245,arn:aws:iam::286405721330:user/jiang.2091,98BPEGZGEC5RXB8C,REST.GET.OBJECT,chunk_size_16777216.h5/test/296,GET /chunk_size_16777216.h5/test/296 HTTP/1.1,200,-,16777216,16777216,9556,136,-,aws-sdk-cpp/1.9.269 Linux/4.15.0-191-generic x86_64 GCC/6.5.0
82172df641c1b7c5a72bed79ee595d6ed5881337ab996b58fcf04f4e87e720f0,hyperslab-test,14/Sep/2022:18:27:53 +0000,164.107.119.245,arn:aws:iam::286405721330:user/jiang.2091,98BTRK5BEHTGBHH5,REST.GET.OBJECT,chunk_size_16777216.h5/test/78,GET /chunk_size_16777216.h5/test/78 HTTP/1.1,200,-,16777216,16777216,8267,103,-,aws-sdk-cpp/1.9.269 Linux/4.15.0-191-generic x86_64 GCC/6.5.0
82172df641c1b7c5a72bed79ee595d6ed5881337ab996b58fcf04f4e87e720f0,hyperslab-test,14/Sep/2022:18:27:53 +0000,164.107.119.245,arn:aws:iam::286405721330:user/jiang.2091,98BWEZ3RBA914KA5,REST.GET.OBJECT,chunk_size_16777216.h5/test/422,GET /chunk_size_16777216.h5/test/422 HTTP/1.1,200,-,16777216,16777216,14351,115,-,aws-sdk-cpp/1.9.269 Linux/4.15.0-191-generic x86_64 GCC/6.5.0
82172df641c1b7c5a72bed79ee595d6ed5881337ab996b58fcf04f4e87e720f0,hyperslab-test,14/Sep/2022:18:27:54 +0000,164.107.119.245,arn:aws:iam::286405721330:user/jiang.2091,4T2A52BFMQNJFVBB,REST.GET.OBJECT,chunk_size_16777216.h5/test/424,GET /chunk_size_16777216.h5/test/424 HTTP/1.1,200,-,16777216,16777216,12964,120,-,aws-sdk-cpp/1.9.269 Linux/4.15.0-191-generic x86_64 GCC/6.5.0
82172df641c1b7c5a72bed79ee595d6ed5881337ab996b58fcf04f4e87e720f0,hyperslab-test,14/Sep/2022:18:27:54 +0000,54.211.142.221,arn:aws:sts::286405721330:assumed-role/fullaccesslambdarole/test-fn,4T26H9GR6F2A5KDN,REST.GET.OBJECT,chunk_size_16777216.h5/test/0,GET /chunk_size_16777216.h5/test/0 HTTP/1.1,200,-,16777216,16777216,207,165,-,Boto3/1.20.32 Python/3.7.13 Linux/4.14.255-276-224.499.amzn2.x86_64 exec-env/AWS_Lambda_python3.7 Botocore/1.23.32
82172df641c1b7c5a72bed79ee595d6ed5881337ab996b58fcf04f4e87e720f0,hyperslab-test,14/Sep/2022:18:27:53 +0000,164.107.119.245,arn:aws:iam::286405721330:user/jiang.2091,98BGYZNYPYFWGMYR,REST.GET.OBJECT,chunk_size_16777216.h5/test/2,GET /chunk_size_16777216.h5/test/2 HTTP/1.1,200,-,16777216,16777216,7441,104,-,aws-sdk-cpp/1.9.269 Linux/4.15.0-191-generic x86_64 GCC/6.5.0
82172df641c1b7c5a72bed79ee595d6ed5881337ab996b58fcf04f4e87e720f0,hyperslab-test,14/Sep/2022:18:27:53 +0000,164.107.119.245,arn:aws:iam::286405721330:user/jiang.2091,98BHX2WFH76H34NQ,REST.GET.OBJECT,chunk_size_16777216.h5/test/45,GET /chunk_size_16777216.h5/test/45 HTTP/1.1,200,-,16777216,16777216,13355,98,-,aws-sdk-cpp/1.9.269 Linux/4.15.0-191-generic x86_64 GCC/6.5.0
82172df641c1b7c5a72bed79ee595d6ed5881337ab996b58fcf04f4e87e720f0,hyperslab-test,14/Sep/2022:18:27:53 +0000,164.107.119.245,arn:aws:iam::286405721330:user/jiang.2091,98BJ8ZTQGF57C5V5,REST.GET.OBJECT,chunk_size_16777216.h5/test/458,GET /chunk_size_16777216.h5/test/458 HTTP/1.1,200,-,16777216,16777216,9503,111,-,aws-sdk-cpp/1.9.269 Linux/4.15.0-191-generic x86_64 GCC/6.5.0
82172df641c1b7c5a72bed79ee595d6ed5881337ab996b58fcf04f4e87e720f0,hyperslab-test,14/Sep/2022:18:27:53 +0000,164.107.119.245,arn:aws:iam::286405721330:user/jiang.2091,98BMKF4RH5E6SAWW,REST.GET.OBJECT,chunk_size_16777216.h5/test/428,GET /chunk_size_16777216.h5/test/428 HTTP/1.1,200,-,16777216,16777216,6910,98,-,aws-sdk-cpp/1.9.269 Linux/4.15.0-191-generic x86_64 GCC/6.5.0
82172df641c1b7c5a72bed79ee595d6ed5881337ab996b58fcf04f4e87e720f0,hyperslab-test,14/Sep/2022:18:27:53 +0000,164.107.119.245,arn:aws:iam::286405721330:user/jiang.2091,98BNC40P7E8N3CY3,REST.GET.OBJECT,chunk_size_16777216.h5/test/257,GET /chunk_size_16777216.h5/test/257 HTTP/1.1,200,-,16777216,16777216,11648,81,-,aws-sdk-cpp/1.9.269 Linux/4.15.0-191-generic x86_64 GCC/6.5.0
82172df641c1b7c5a72bed79ee595d6ed5881337ab996b58fcf04f4e87e720f0,hyperslab-test,14/Sep/2022:18:27:53 +0000,164.107.119.245,arn:aws:iam::286405721330:user/jiang.2091,98BWDK119K8W2S1W,REST.GET.OBJECT,chunk_size_16777216.h5/test/486,GET /chunk_size_16777216.h5/test/486 HTTP/1.1,200,-,16777216,16777216,9770,154,-,aws-sdk-cpp/1.9.269 Linux/4.15.0-191-generic x86_64 GCC/6.5.0
82172df641c1b7c5a72bed79ee595d6ed5881337ab996b58fcf04f4e87e720f0,hyperslab-test,14/Sep/2022:18:27:53 +0000,164.107.119.245,arn:aws:iam::286405721330:user/jiang.2091,98BX7YC3NN9XG54G,REST.GET.OBJECT,chunk_size_16777216.h5/test/325,GET /chunk_size_16777216.h5/test/325 HTTP/1.1,200,-,16777216,16777216,13365,89,-,aws-sdk-cpp/1.9.269 Linux/4.15.0-191-generic x86_64 GCC/6.5.0
82172df641c1b7c5a72bed79ee595d6ed5881337ab996b58fcf04f4e87e720f0,hyperslab-test,14/Sep/2022:18:27:53 +0000,164.107.119.245,arn:aws:iam::286405721330:user/jiang.2091,98BXTYQFY84CWAZF,REST.GET.OBJECT,chunk_size_16777216.h5/test/327,GET /chunk_size_16777216.h5/test/327 HTTP/1.1,200,-,16777216,16777216,9714,128,-,aws-sdk-cpp/1.9.269 Linux/4.15.0-191-generic x86_64 GCC/6.5.0
82172df641c1b7c5a72bed79ee595d6ed5881337ab996b58fcf04f4e87e720f0,hyperslab-test,14/Sep/2022:18:27:53 +0000,164.107.119.245,arn:aws:iam::286405721330:user/jiang.2091,98BZDTKWFTKPEWCV,REST.GET.OBJECT,chunk_size_16777216.h5/test/384,GET /chunk_size_16777216.h5/test/384 HTTP/1.1,200,-,16777216,16777216,6841,150,-,aws-sdk-cpp/1.9.269 Linux/4.15.0-191-generic x86_64 GCC/6.5.0
82172df641c1b7c5a72bed79ee595d6ed5881337ab996b58fcf04f4e87e720f0,hyperslab-test,14/Sep/2022:18:27:53 +0000,164.107.119.245,arn:aws:iam::286405721330:user/jiang.2091,98BG50DZWFQ591R3,REST.GET.OBJECT,chunk_size_16777216.h5/test/299,GET /chunk_size_16777216.h5/test/299 HTTP/1.1,200,-,16777216,16777216,12042,166,-,aws-sdk-cpp/1.9.269 Linux/4.15.0-191-generic x86_64 GCC/6.5.0
82172df641c1b7c5a72bed79ee595d6ed5881337ab996b58fcf04f4e87e720f0,hyperslab-test,14/Sep/2022:18:27:53 +0000,164.107.119.245,arn:aws:iam::286405721330:user/jiang.2091,98BGWXGNYYPJRFFJ,REST.GET.OBJECT,chunk_size_16777216.h5/test/485,GET /chunk_size_16777216.h5/test/485 HTTP/1.1,200,-,16777216,16777216,9681,111,-,aws-sdk-cpp/1.9.269 Linux/4.15.0-191-generic x86_64 GCC/6.5.0
82172df641c1b7c5a72bed79ee595d6ed5881337ab996b58fcf04f4e87e720f0,hyperslab-test,14/Sep/2022:18:27:53 +0000,164.107.119.245,arn:aws:iam::286405721330:user/jiang.2091,98BJ9TWWH9B7HDB7,REST.GET.OBJECT,chunk_size_16777216.h5/test/6,GET /chunk_size_16777216.h5/test/6 HTTP/1.1,200,-,16777216,16777216,5753,125,-,aws-sdk-cpp/1.9.269 Linux/4.15.0-191-generic x86_64 GCC/6.5.0
82172df641c1b7c5a72bed79ee595d6ed5881337ab996b58fcf04f4e87e720f0,hyperslab-test,14/Sep/2022:18:27:53 +0000,164.107.119.245,arn:aws:iam::286405721330:user/jiang.2091,98BJJ9V53Z6DTT5M,REST.GET.OBJECT,chunk_size_16777216.h5/test/111,GET /chunk_size_16777216.h5/test/111 HTTP/1.1,200,-,16777216,16777216,10910,153,-,aws-sdk-cpp/1.9.269 Linux/4.15.0-191-generic x86_64 GCC/6.5.0
82172df641c1b7c5a72bed79ee595d6ed5881337ab996b58fcf04f4e87e720f0,hyperslab-test,14/Sep/2022:18:27:53 +0000,164.107.119.245,arn:aws:iam::286405721330:user/jiang.2091,98BJN9CZSYPV6BJK,REST.GET.OBJECT,chunk_size_16777216.h5/test/460,GET /chunk_size_16777216.h5/test/460 HTTP/1.1,200,-,16777216,16777216,13910,153,-,aws-sdk-cpp/1.9.269 Linux/4.15.0-191-generic x86_64 GCC/6.5.0
82172df641c1b7c5a72bed79ee595d6ed5881337ab996b58fcf04f4e87e720f0,hyperslab-test,14/Sep/2022:18:27:53 +0000,164.107.119.245,arn:aws:iam::286405721330:user/jiang.2091,98BKDV7941RJNZEX,REST.GET.OBJECT,chunk_size_16777216.h5/test/388,GET /chunk_size_16777216.h5/test/388 HTTP/1.1,200,-,16777216,16777216,5671,105,-,aws-sdk-cpp/1.9.269 Linux/4.15.0-191-generic x86_64 GCC/6.5.0
82172df641c1b7c5a72bed79ee595d6ed5881337ab996b58fcf04f4e87e720f0,hyperslab-test,14/Sep/2022:18:27:53 +0000,164.107.119.245,arn:aws:iam::286405721330:user/jiang.2091,98BPM25NKM1N6057,REST.GET.OBJECT,chunk_size_16777216.h5/test/417,GET /chunk_size_16777216.h5/test/417 HTTP/1.1,200,-,16777216,16777216,10278,179,-,aws-sdk-cpp/1.9.269 Linux/4.15.0-191-generic x86_64 GCC/6.5.0
82172df641c1b7c5a72bed79ee595d6ed5881337ab996b58fcf04f4e87e720f0,hyperslab-test,14/Sep/2022:18:27:53 +0000,164.107.119.245,arn:aws:iam::286405721330:user/jiang.2091,98BR5NRQP5NSKTTG,REST.GET.OBJECT,chunk_size_16777216.h5/test/7,GET /chunk_size_16777216.h5/test/7 HTTP/1.1,200,-,16777216,16777216,8045,135,-,aws-sdk-cpp/1.9.269 Linux/4.15.0-191-generic x86_64 GCC/6.5.0
82172df641c1b7c5a72bed79ee595d6ed5881337ab996b58fcf04f4e87e720f0,hyperslab-test,14/Sep/2022:18:27:53 +0000,164.107.119.245,arn:aws:iam::286405721330:user/jiang.2091,98BRHJCBRSTT16X4,REST.GET.OBJECT,chunk_size_16777216.h5/test/33,GET /chunk_size_16777216.h5/test/33 HTTP/1.1,200,-,16777216,16777216,12552,164,-,aws-sdk-cpp/1.9.269 Linux/4.15.0-191-generic x86_64 GCC/6.5.0
82172df641c1b7c5a72bed79ee595d6ed5881337ab996b58fcf04f4e87e720f0,hyperslab-test,14/Sep/2022:18:27:53 +0000,164.107.119.245,arn:aws:iam::286405721330:user/jiang.2091,98BSQX7VMZPW9PA9,REST.GET.OBJECT,chunk_size_16777216.h5/test/201,GET /chunk_size_16777216.h5/test/201 HTTP/1.1,200,-,16777216,16777216,8910,121,-,aws-sdk-cpp/1.9.269 Linux/4.15.0-191-generic x86_64 GCC/6.5.0
82172df641c1b7c5a72bed79ee595d6ed5881337ab996b58fcf04f4e87e720f0,hyperslab-test,14/Sep/2022:18:27:53 +0000,164.107.119.245,arn:aws:iam::286405721330:user/jiang.2091,98BVPNNGEWW0B9MM,REST.GET.OBJECT,chunk_size_16777216.h5/test/8,GET /chunk_size_16777216.h5/test/8 HTTP/1.1,200,-,16777216,16777216,2256,317,-,aws-sdk-cpp/1.9.269 Linux/4.15.0-191-generic x86_64 GCC/6.5.0
82172df641c1b7c5a72bed79ee595d6ed5881337ab996b58fcf04f4e87e720f0,hyperslab-test,14/Sep/2022:18:27:53 +0000,164.107.119.245,arn:aws:iam::286405721330:user/jiang.2091,98BWKS80C4CRQM5N,REST.GET.OBJECT,chunk_size_16777216.h5/test/492,GET /chunk_size_16777216.h5/test/492 HTTP/1.1,200,-,16777216,16777216,12633,136,-,aws-sdk-cpp/1.9.269 Linux/4.15.0-191-generic x86_64 GCC/6.5.0
82172df641c1b7c5a72bed79ee595d6ed5881337ab996b58fcf04f4e87e720f0,hyperslab-test,14/Sep/2022:18:27:53 +0000,164.107.119.245,arn:aws:iam::286405721330:user/jiang.2091,98BWMQGQP1SRNKHS,REST.GET.OBJECT,chunk_size_16777216.h5/test/32,GET /chunk_size_16777216.h5/test/32 HTTP/1.1,200,-,16777216,16777216,638,99,-,aws-sdk-cpp/1.9.269 Linux/4.15.0-191-generic x86_64 GCC/6.5.0
82172df641c1b7c5a72bed79ee595d6ed5881337ab996b58fcf04f4e87e720f0,hyperslab-test,14/Sep/2022:18:27:53 +0000,164.107.119.245,arn:aws:iam::286405721330:user/jiang.2091,98BXHH03ZH9BFDTN,REST.GET.OBJECT,chunk_size_16777216.h5/test/197,GET /chunk_size_16777216.h5/test/197 HTTP/1.1,200,-,16777216,16777216,6690,116,-,aws-sdk-cpp/1.9.269 Linux/4.15.0-191-generic x86_64 GCC/6.5.0
82172df641c1b7c5a72bed79ee595d6ed5881337ab996b58fcf04f4e87e720f0,hyperslab-test,14/Sep/2022:18:27:53 +0000,164.107.119.245,arn:aws:iam::286405721330:user/jiang.2091,98BY1H2418PSHRJH,REST.GET.OBJECT,chunk_size_16777216.h5/test/328,GET /chunk_size_16777216.h5/test/328 HTTP/1.1,200,-,16777216,16777216,12184,181,-,aws-sdk-cpp/1.9.269 Linux/4.15.0-191-generic x86_64 GCC/6.5.0
82172df641c1b7c5a72bed79ee595d6ed5881337ab996b58fcf04f4e87e720f0,hyperslab-test,14/Sep/2022:18:27:53 +0000,164.107.119.245,arn:aws:iam::286405721330:user/jiang.2091,98BG3Y378RQQ6ABJ,REST.GET.OBJECT,chunk_size_16777216.h5/test/167,GET /chunk_size_16777216.h5/test/167 HTTP/1.1,200,-,16777216,16777216,9226,119,-,aws-sdk-cpp/1.9.269 Linux/4.15.0-191-generic x86_64 GCC/6.5.0
82172df641c1b7c5a72bed79ee595d6ed5881337ab996b58fcf04f4e87e720f0,hyperslab-test,14/Sep/2022:18:27:53 +0000,164.107.119.245,arn:aws:iam::286405721330:user/jiang.2091,98BGJ4HWC4QT9J73,REST.GET.OBJECT,chunk_size_16777216.h5/test/34,GET /chunk_size_16777216.h5/test/34 HTTP/1.1,200,-,16777216,16777216,9563,75,-,aws-sdk-cpp/1.9.269 Linux/4.15.0-191-generic x86_64 GCC/6.5.0
82172df641c1b7c5a72bed79ee595d6ed5881337ab996b58fcf04f4e87e720f0,hyperslab-test,14/Sep/2022:18:27:53 +0000,164.107.119.245,arn:aws:iam::286405721330:user/jiang.2091,98BJ6HDYVZHMAT37,REST.GET.OBJECT,chunk_size_16777216.h5/test/129,GET /chunk_size_16777216.h5/test/129 HTTP/1.1,200,-,16777216,16777216,8862,145,-,aws-sdk-cpp/1.9.269 Linux/4.15.0-191-generic x86_64 GCC/6.5.0
82172df641c1b7c5a72bed79ee595d6ed5881337ab996b58fcf04f4e87e720f0,hyperslab-test,14/Sep/2022:18:27:53 +0000,164.107.119.245,arn:aws:iam::286405721330:user/jiang.2091,98BJVPPGSDYKHZZH,REST.GET.OBJECT,chunk_size_16777216.h5/test/140,GET /chunk_size_16777216.h5/test/140 HTTP/1.1,200,-,16777216,16777216,9847,141,-,aws-sdk-cpp/1.9.269 Linux/4.15.0-191-generic x86_64 GCC/6.5.0
82172df641c1b7c5a72bed79ee595d6ed5881337ab996b58fcf04f4e87e720f0,hyperslab-test,14/Sep/2022:18:27:53 +0000,164.107.119.245,arn:aws:iam::286405721330:user/jiang.2091,98BMFRXJXS8VDNVC,REST.GET.OBJECT,chunk_size_16777216.h5/test/229,GET /chunk_size_16777216.h5/test/229 HTTP/1.1,200,-,16777216,16777216,15243,163,-,aws-sdk-cpp/1.9.269 Linux/4.15.0-191-generic x86_64 GCC/6.5.0
82172df641c1b7c5a72bed79ee595d6ed5881337ab996b58fcf04f4e87e720f0,hyperslab-test,14/Sep/2022:18:27:53 +0000,164.107.119.245,arn:aws:iam::286405721330:user/jiang.2091,98BPW5N77JC8QQ7X,REST.GET.OBJECT,chunk_size_16777216.h5/test/168,GET /chunk_size_16777216.h5/test/168 HTTP/1.1,200,-,16777216,16777216,6038,111,-,aws-sdk-cpp/1.9.269 Linux/4.15.0-191-generic x86_64 GCC/6.5.0
82172df641c1b7c5a72bed79ee595d6ed5881337ab996b58fcf04f4e87e720f0,hyperslab-test,14/Sep/2022:18:27:53 +0000,164.107.119.245,arn:aws:iam::286405721330:user/jiang.2091,98BRNMR9Y0Q1N04D,REST.GET.OBJECT,chunk_size_16777216.h5/test/137,GET /chunk_size_16777216.h5/test/137 HTTP/1.1,200,-,16777216,16777216,14808,133,-,aws-sdk-cpp/1.9.269 Linux/4.15.0-191-generic x86_64 GCC/6.5.0
82172df641c1b7c5a72bed79ee595d6ed5881337ab996b58fcf04f4e87e720f0,hyperslab-test,14/Sep/2022:18:27:53 +0000,164.107.119.245,arn:aws:iam::286405721330:user/jiang.2091,98BZ2ACVFPXY6Y8X,REST.GET.OBJECT,chunk_size_16777216.h5/test/330,GET /chunk_size_16777216.h5/test/330 HTTP/1.1,200,-,16777216,16777216,14007,76,-,aws-sdk-cpp/1.9.269 Linux/4.15.0-191-generic x86_64 GCC/6.5.0
82172df641c1b7c5a72bed79ee595d6ed5881337ab996b58fcf04f4e87e720f0,hyperslab-test,14/Sep/2022:18:27:53 +0000,164.107.119.245,arn:aws:iam::286405721330:user/jiang.2091,98BZ679DPYM7H7GR,REST.GET.OBJECT,chunk_size_16777216.h5/test/421,GET /chunk_size_16777216.h5/test/421 HTTP/1.1,200,-,16777216,16777216,16931,148,-,aws-sdk-cpp/1.9.269 Linux/4.15.0-191-generic x86_64 GCC/6.5.0
82172df641c1b7c5a72bed79ee595d6ed5881337ab996b58fcf04f4e87e720f0,hyperslab-test,14/Sep/2022:18:27:54 +0000,164.107.119.245,arn:aws:iam::286405721330:user/jiang.2091,4T20D8C6V32TK6BM,REST.GET.OBJECT,chunk_size_16777216.h5/test/169,GET /chunk_size_16777216.h5/test/169 HTTP/1.1,200,-,16777216,16777216,11139,79,-,aws-sdk-cpp/1.9.269 Linux/4.15.0-191-generic x86_64 GCC/6.5.0
82172df641c1b7c5a72bed79ee595d6ed5881337ab996b58fcf04f4e87e720f0,hyperslab-test,14/Sep/2022:18:27:54 +0000,164.107.119.245,arn:aws:iam::286405721330:user/jiang.2091,4T25SYNKE6S1Y6QP,REST.GET.OBJECT,chunk_size_16777216.h5/test/73,GET /chunk_size_16777216.h5/test/73 HTTP/1.1,200,-,16777216,16777216,13637,155,-,aws-sdk-cpp/1.9.269 Linux/4.15.0-191-generic x86_64 GCC/6.5.0
